subscription_id,customer_id,start_date,end_date,term_months,mrr,arr,plan,status
SUB-000001,CUST-00060,2022-02-06,2023-02-01,12,353.03,4236.36,PRO,expired
SUB-000002,CUST-00119,2025-06-06,2027-05-27,24,129.23,1550.76,STARTER,active
SUB-000003,CUST-00393,2023-08-31,2025-08-20,24,232.24,2786.88,PRO,expired
SUB-000004,CUST-00162,2023-01-01,2023-12-27,12,1380.68,16568.16,STARTER,expired
SUB-000005,CUST-00306,2024-11-13,2025-11-08,12,300.85,3610.2,ENTERPRISE,expired
SUB-000006,CUST-00132,2023-09-01,2023-10-01,1,31.08,372.96,STARTER,expired
SUB-000007,CUST-00121,2022-09-01,2023-08-27,12,265.67,3188.04,STARTER,expired
SUB-000008,CUST-00323,2024-10-24,2024-11-23,1,797.99,9575.88,PRO,expired
SUB-000009,CUST-00082,2024-06-29,2024-07-29,1,46.84,562.08,PRO,expired
SUB-000010,CUST-00391,2022-12-01,2022-12-31,1,293.82,3525.84,PRO,expired
SUB-000011,CUST-00219,2023-02-08,2025-01-28,24,136.42,1637.04,PRO,expired
SUB-000012,CUST-00269,2023-03-25,2024-03-19,12,224.46,2693.52,ENTERPRISE,expired
SUB-000013,CUST-00216,2022-09-29,2025-09-13,36,5344.12,64129.44,PRO,expired
SUB-000014,CUST-00372,2022-05-09,2024-04-28,24,254.76,3057.12,ENTERPRISE,expired
SUB-000015,CUST-00230,2025-08-10,2027-07-31,24,82.62,991.44,PRO,active
SUB-000016,CUST-00302,2024-05-31,2025-05-26,12,295.86,3550.32,PRO,expired
SUB-000017,CUST-00252,2024-02-01,2026-01-21,24,583.99,7007.88,STARTER,active
SUB-000018,CUST-00160,2023-09-08,2026-08-23,36,190.15,2281.8,PRO,active
SUB-000019,CUST-00171,2022-02-09,2022-03-11,1,491.65,5899.8,ENTERPRISE,expired
SUB-000020,CUST-00136,2023-10-14,2026-09-28,36,251.96,3023.52,ENTERPRISE,active
SUB-000021,CUST-00393,2024-08-10,2025-08-05,12,455.98,5471.76,PRO,expired
SUB-000022,CUST-00009,2025-11-10,2026-11-05,12,161.36,1936.32,PRO,active
SUB-000023,CUST-00206,2024-05-21,2026-05-11,24,198.34,2380.08,ENTERPRISE,active
SUB-000024,CUST-00395,2024-01-08,2025-12-28,24,280.58,3366.96,ENTERPRISE,expired
SUB-000025,CUST-00105,2025-01-25,2026-01-20,12,246.96,2963.52,STARTER,active
SUB-000026,CUST-00067,2025-02-01,2026-01-27,12,170.54,2046.48,PRO,active
SUB-000027,CUST-00198,2023-03-09,2025-02-26,24,733.25,8799.0,ENTERPRISE,expired
SUB-000028,CUST-00102,2023-05-19,2026-05-03,36,354.21,4250.52,STARTER,active
SUB-000029,CUST-00113,2023-03-07,2026-02-19,36,77.04,924.48,ENTERPRISE,active
SUB-000030,CUST-00100,2023-12-08,2024-12-02,12,97.57,1170.84,PRO,expired
SUB-000031,CUST-00205,2025-05-13,2026-05-08,12,487.22,5846.64,STARTER,active
SUB-000032,CUST-00042,2025-04-18,2027-04-08,24,41.95,503.4,PRO,active
SUB-000033,CUST-00037,2025-08-06,2028-07-21,36,53.8,645.6,ENTERPRISE,active
SUB-000034,CUST-00341,2022-06-02,2024-05-22,24,118.56,1422.72,PRO,expired
SUB-000035,CUST-00017,2024-09-14,2026-09-04,24,2272.42,27269.04,STARTER,active
SUB-000036,CUST-00200,2024-03-09,2024-04-08,1,245.08,2940.96,STARTER,expired
SUB-000037,CUST-00145,2022-07-28,2025-07-12,36,222.23,2666.76,PRO,expired
SUB-000038,CUST-00150,2025-03-20,2027-03-10,24,254.61,3055.32,PRO,active
SUB-000039,CUST-00204,2023-10-30,2026-10-14,36,508.0,6096.0,STARTER,active
SUB-000040,CUST-00365,2022-01-03,2023-12-24,24,70.99,851.88,STARTER,expired
SUB-000041,CUST-00362,2024-07-01,2025-06-26,12,141.47,1697.64,STARTER,expired
SUB-000042,CUST-00369,2024-08-31,2027-08-16,36,103.47,1241.64,STARTER,active
SUB-000043,CUST-00369,2025-12-03,2026-11-28,12,150.72,1808.64,ENTERPRISE,active
SUB-000044,CUST-00039,2023-07-15,2025-07-04,24,135.64,1627.68,PRO,expired
SUB-000045,CUST-00139,2024-09-26,2025-09-21,12,1144.91,13738.92,STARTER,expired
SUB-000046,CUST-00095,2023-08-12,2023-09-11,1,207.11,2485.32,PRO,expired
SUB-000047,CUST-00378,2025-08-28,2027-08-18,24,180.35,2164.2,PRO,active
SUB-000048,CUST-00211,2022-05-05,2025-04-19,36,380.17,4562.04,STARTER,expired
SUB-000049,CUST-00251,2025-06-07,2027-05-28,24,161.9,1942.8,PRO,active
SUB-000050,CUST-00106,2022-01-12,2023-01-07,12,729.66,8755.92,ENTERPRISE,expired
SUB-000051,CUST-00123,2022-10-19,2024-10-08,24,179.07,2148.84,PRO,expired
SUB-000052,CUST-00190,2024-12-06,2025-01-05,1,60.51,726.12,ENTERPRISE,expired
SUB-000053,CUST-00291,2025-11-12,2026-11-07,12,83.25,999.0,ENTERPRISE,active
SUB-000054,CUST-00084,2022-02-16,2025-01-31,36,247.09,2965.08,PRO,expired
SUB-000055,CUST-00132,2023-04-17,2025-04-06,24,36.25,435.0,STARTER,expired
SUB-000056,CUST-00073,2025-09-15,2027-09-05,24,455.18,5462.16,ENTERPRISE,active
SUB-000057,CUST-00398,2023-11-02,2025-10-22,24,296.22,3554.64,PRO,expired
SUB-000058,CUST-00223,2022-07-27,2022-08-26,1,146.13,1753.56,ENTERPRISE,expired
SUB-000059,CUST-00171,2025-10-07,2025-11-06,1,48.35,580.2,ENTERPRISE,expired
SUB-000060,CUST-00167,2024-04-20,2026-04-10,24,214.94,2579.28,STARTER,active
SUB-000061,CUST-00348,2025-01-11,2025-02-10,1,718.41,8620.92,ENTERPRISE,expired
SUB-000062,CUST-00111,2025-03-24,2025-04-23,1,131.59,1579.08,ENTERPRISE,expired
SUB-000063,CUST-00245,2022-11-10,2023-11-05,12,133.44,1601.28,ENTERPRISE,expired
SUB-000064,CUST-00301,2024-04-14,2026-04-04,24,330.02,3960.24,PRO,active
SUB-000065,CUST-00016,2025-09-06,2028-08-21,36,162.78,1953.36,PRO,active
SUB-000066,CUST-00073,2023-09-05,2024-08-30,12,146.6,1759.2,STARTER,expired
SUB-000067,CUST-00127,2022-02-21,2022-03-23,1,122.67,1472.04,PRO,expired
SUB-000068,CUST-00326,2023-10-12,2023-11-11,1,87.61,1051.32,ENTERPRISE,expired
SUB-000069,CUST-00207,2024-12-20,2025-01-19,1,744.14,8929.68,STARTER,expired
SUB-000070,CUST-00052,2025-09-22,2028-09-06,36,1046.71,12560.52,STARTER,active
SUB-000071,CUST-00218,2023-02-23,2024-02-18,12,149.75,1797.0,ENTERPRISE,expired
SUB-000072,CUST-00387,2025-05-27,2025-06-26,1,237.03,2844.36,ENTERPRISE,expired
SUB-000073,CUST-00138,2024-05-12,2025-05-07,12,282.49,3389.88,PRO,expired
SUB-000074,CUST-00074,2023-04-03,2023-05-03,1,325.41,3904.92,STARTER,expired
SUB-000075,CUST-00352,2024-09-16,2027-09-01,36,45.77,549.24,STARTER,active
SUB-000076,CUST-00172,2024-01-01,2025-12-21,24,107.78,1293.36,ENTERPRISE,expired
SUB-000077,CUST-00015,2024-04-06,2027-03-22,36,550.37,6604.44,PRO,active
SUB-000078,CUST-00093,2025-07-24,2025-08-23,1,307.22,3686.64,ENTERPRISE,expired
SUB-000079,CUST-00283,2025-10-31,2027-10-21,24,330.2,3962.4,ENTERPRISE,active
SUB-000080,CUST-00166,2022-07-20,2022-08-19,1,651.68,7820.16,ENTERPRISE,expired
SUB-000081,CUST-00030,2022-05-05,2025-04-19,36,117.17,1406.04,STARTER,expired
SUB-000082,CUST-00347,2022-05-24,2023-05-19,12,354.73,4256.76,ENTERPRISE,expired
SUB-000083,CUST-00104,2023-09-01,2025-08-21,24,384.9,4618.8,STARTER,expired
SUB-000084,CUST-00137,2023-04-28,2023-05-28,1,323.65,3883.8,PRO,expired
SUB-000085,CUST-00160,2022-12-14,2025-11-28,36,89.24,1070.88,ENTERPRISE,expired
SUB-000086,CUST-00394,2025-12-06,2028-11-20,36,568.91,6826.92,ENTERPRISE,active
SUB-000087,CUST-00353,2024-01-16,2024-02-15,1,900.21,10802.52,ENTERPRISE,expired
SUB-000088,CUST-00124,2023-02-02,2026-01-17,36,202.28,2427.36,ENTERPRISE,active
SUB-000089,CUST-00289,2022-03-14,2024-03-03,24,578.73,6944.76,ENTERPRISE,expired
SUB-000090,CUST-00222,2022-11-22,2025-11-06,36,193.27,2319.24,ENTERPRISE,expired
SUB-000091,CUST-00138,2025-03-28,2028-03-12,36,70.09,841.08,ENTERPRISE,active
SUB-000092,CUST-00232,2023-09-19,2023-10-19,1,354.95,4259.4,ENTERPRISE,expired
SUB-000093,CUST-00036,2023-11-04,2024-10-29,12,715.79,8589.48,PRO,expired
SUB-000094,CUST-00261,2024-07-06,2027-06-21,36,130.75,1569.0,ENTERPRISE,active
SUB-000095,CUST-00080,2022-06-10,2024-05-30,24,199.06,2388.72,STARTER,expired
SUB-000096,CUST-00118,2023-04-05,2024-03-30,12,427.05,5124.6,PRO,expired
SUB-000097,CUST-00239,2024-02-27,2024-03-28,1,277.02,3324.24,PRO,expired
SUB-000098,CUST-00057,2025-09-24,2027-09-14,24,104.24,1250.88,STARTER,active
SUB-000099,CUST-00385,2022-11-05,2022-12-05,1,230.83,2769.96,PRO,expired
SUB-000100,CUST-00183,2024-02-08,2025-02-02,12,465.17,5582.04,PRO,expired
SUB-000101,CUST-00104,2023-07-14,2026-06-28,36,70.17,842.04,STARTER,active
SUB-000102,CUST-00140,2022-06-04,2024-05-24,24,364.44,4373.28,STARTER,expired
SUB-000103,CUST-00196,2022-09-30,2024-09-19,24,314.84,3778.08,ENTERPRISE,expired
SUB-000104,CUST-00184,2024-02-03,2027-01-18,36,170.38,2044.56,STARTER,active
SUB-000105,CUST-00181,2025-09-16,2027-09-06,24,470.24,5642.88,ENTERPRISE,active
SUB-000106,CUST-00379,2023-10-12,2024-10-06,12,413.14,4957.68,ENTERPRISE,expired
SUB-000107,CUST-00264,2022-09-22,2024-09-11,24,492.68,5912.16,PRO,expired
SUB-000108,CUST-00161,2023-07-29,2024-07-23,12,744.2,8930.4,PRO,expired
SUB-000109,CUST-00107,2024-01-26,2027-01-10,36,298.49,3581.88,STARTER,active
SUB-000110,CUST-00391,2025-05-30,2028-05-14,36,149.66,1795.92,PRO,active
SUB-000111,CUST-00129,2024-07-29,2027-07-14,36,77.77,933.24,ENTERPRISE,active
SUB-000112,CUST-00222,2022-08-02,2025-07-17,36,114.83,1377.96,STARTER,expired
SUB-000113,CUST-00016,2025-04-15,2027-04-05,24,63.13,757.56,PRO,active
SUB-000114,CUST-00125,2022-04-06,2025-03-21,36,98.06,1176.72,PRO,expired
SUB-000115,CUST-00074,2023-06-16,2024-06-10,12,292.61,3511.32,ENTERPRISE,expired
SUB-000116,CUST-00384,2024-12-16,2027-12-01,36,119.1,1429.2,PRO,active
SUB-000117,CUST-00166,2024-03-07,2026-02-25,24,180.05,2160.6,ENTERPRISE,active
SUB-000118,CUST-00012,2024-04-13,2027-03-29,36,49.72,596.64,STARTER,active
SUB-000119,CUST-00065,2025-05-01,2026-04-26,12,364.17,4370.04,STARTER,active
SUB-000120,CUST-00176,2024-09-22,2027-09-07,36,459.01,5508.12,STARTER,active
SUB-000121,CUST-00282,2025-07-22,2025-08-21,1,116.49,1397.88,ENTERPRISE,expired
SUB-000122,CUST-00319,2025-10-17,2025-11-16,1,377.86,4534.32,STARTER,expired
SUB-000123,CUST-00318,2025-05-05,2028-04-19,36,347.12,4165.44,STARTER,active
SUB-000124,CUST-00275,2025-01-12,2026-01-07,12,153.25,1839.0,PRO,active
SUB-000125,CUST-00068,2023-06-06,2023-07-06,1,202.84,2434.08,ENTERPRISE,expired
SUB-000126,CUST-00082,2023-08-14,2025-08-03,24,239.28,2871.36,PRO,expired
SUB-000127,CUST-00382,2025-02-13,2025-03-15,1,74.33,891.96,PRO,expired
SUB-000128,CUST-00255,2023-02-07,2024-02-02,12,844.41,10132.92,ENTERPRISE,expired
SUB-000129,CUST-00305,2025-06-06,2026-06-01,12,599.04,7188.48,PRO,active
SUB-000130,CUST-00224,2024-11-29,2027-11-14,36,105.63,1267.56,ENTERPRISE,active
SUB-000131,CUST-00030,2023-02-05,2024-01-31,12,902.11,10825.32,ENTERPRISE,expired
SUB-000132,CUST-00298,2024-06-14,2027-05-30,36,795.26,9543.12,ENTERPRISE,active
SUB-000133,CUST-00395,2022-02-15,2022-03-17,1,80.03,960.36,PRO,expired
SUB-000134,CUST-00217,2022-10-09,2023-10-04,12,31.38,376.56,PRO,expired
SUB-000135,CUST-00032,2024-03-04,2025-02-27,12,337.07,4044.84,STARTER,expired
SUB-000136,CUST-00109,2023-01-24,2024-01-19,12,1174.95,14099.4,STARTER,expired
SUB-000137,CUST-00221,2023-02-20,2024-02-15,12,116.29,1395.48,ENTERPRISE,expired
SUB-000138,CUST-00242,2022-12-10,2023-12-05,12,133.81,1605.72,PRO,expired
SUB-000139,CUST-00029,2024-04-14,2026-04-04,24,78.28,939.36,STARTER,active
SUB-000140,CUST-00038,2023-11-15,2026-10-30,36,164.31,1971.72,PRO,active
SUB-000141,CUST-00248,2024-08-24,2026-08-14,24,225.48,2705.76,ENTERPRISE,active
SUB-000142,CUST-00045,2025-03-23,2028-03-07,36,163.29,1959.48,ENTERPRISE,active
SUB-000143,CUST-00104,2024-08-02,2024-09-01,1,169.47,2033.64,STARTER,expired
SUB-000144,CUST-00039,2024-02-24,2026-02-13,24,241.06,2892.72,PRO,active
SUB-000145,CUST-00301,2022-12-27,2023-12-22,12,102.37,1228.44,PRO,expired
SUB-000146,CUST-00084,2025-06-11,2027-06-01,24,489.2,5870.4,PRO,active
SUB-000147,CUST-00241,2024-08-08,2025-08-03,12,399.03,4788.36,PRO,expired
SUB-000148,CUST-00273,2023-02-26,2026-02-10,36,246.82,2961.84,PRO,active
SUB-000149,CUST-00355,2022-10-18,2025-10-02,36,465.86,5590.32,ENTERPRISE,expired
SUB-000150,CUST-00191,2025-08-12,2025-09-11,1,366.92,4403.04,STARTER,expired
SUB-000151,CUST-00203,2024-05-21,2026-05-11,24,662.35,7948.2,STARTER,active
SUB-000152,CUST-00218,2025-11-15,2027-11-05,24,325.9,3910.8,STARTER,active
SUB-000153,CUST-00254,2024-06-19,2027-06-04,36,552.8,6633.6,PRO,active
SUB-000154,CUST-00133,2022-06-29,2023-06-24,12,419.8,5037.6,STARTER,expired
SUB-000155,CUST-00025,2024-02-24,2024-03-25,1,47.73,572.76,PRO,expired
SUB-000156,CUST-00177,2022-06-17,2025-06-01,36,130.17,1562.04,ENTERPRISE,expired
SUB-000157,CUST-00271,2025-04-14,2025-05-14,1,77.54,930.48,STARTER,expired
SUB-000158,CUST-00104,2024-11-19,2024-12-19,1,119.79,1437.48,PRO,expired
SUB-000159,CUST-00265,2023-09-01,2024-08-26,12,666.53,7998.36,PRO,expired
SUB-000160,CUST-00286,2023-05-12,2023-06-11,1,96.79,1161.48,ENTERPRISE,expired
SUB-000161,CUST-00320,2024-11-16,2026-11-06,24,187.63,2251.56,ENTERPRISE,active
SUB-000162,CUST-00088,2022-03-13,2025-02-25,36,53.28,639.36,ENTERPRISE,expired
SUB-000163,CUST-00399,2025-12-27,2028-12-11,36,101.25,1215.0,PRO,active
SUB-000164,CUST-00146,2023-11-29,2024-11-23,12,391.0,4692.0,PRO,expired
SUB-000165,CUST-00300,2023-03-10,2025-02-27,24,60.99,731.88,ENTERPRISE,expired
SUB-000166,CUST-00060,2023-05-09,2023-06-08,1,390.41,4684.92,STARTER,expired
SUB-000167,CUST-00392,2022-07-18,2025-07-02,36,404.42,4853.04,ENTERPRISE,expired
SUB-000168,CUST-00034,2022-01-01,2022-01-31,1,84.73,1016.76,ENTERPRISE,expired
SUB-000169,CUST-00359,2023-03-07,2024-03-01,12,392.39,4708.68,ENTERPRISE,expired
SUB-000170,CUST-00227,2025-09-07,2027-08-28,24,989.52,11874.24,STARTER,active
SUB-000171,CUST-00266,2023-04-18,2025-04-07,24,596.12,7153.44,ENTERPRISE,expired
SUB-000172,CUST-00216,2024-10-17,2025-10-12,12,568.49,6821.88,STARTER,expired
SUB-000173,CUST-00168,2022-06-20,2023-06-15,12,65.31,783.72,STARTER,expired
SUB-000174,CUST-00119,2023-08-21,2026-08-05,36,123.07,1476.84,PRO,active
SUB-000175,CUST-00105,2024-08-23,2024-09-22,1,183.63,2203.56,STARTER,expired
SUB-000176,CUST-00142,2024-11-26,2024-12-26,1,195.84,2350.08,PRO,expired
SUB-000177,CUST-00398,2025-01-08,2027-12-24,36,765.5,9186.0,ENTERPRISE,active
SUB-000178,CUST-00352,2024-03-17,2027-03-02,36,232.07,2784.84,STARTER,active
SUB-000179,CUST-00367,2023-05-03,2025-04-22,24,84.16,1009.92,STARTER,expired
SUB-000180,CUST-00203,2023-01-09,2024-01-04,12,578.93,6947.16,ENTERPRISE,expired
SUB-000181,CUST-00054,2025-12-11,2026-12-06,12,510.95,6131.4,PRO,active
SUB-000182,CUST-00040,2025-11-18,2025-12-18,1,203.0,2436.0,STARTER,expired
SUB-000183,CUST-00170,2024-08-03,2026-07-24,24,185.06,2220.72,ENTERPRISE,active
SUB-000184,CUST-00282,2022-10-21,2025-10-05,36,264.34,3172.08,ENTERPRISE,expired
SUB-000185,CUST-00283,2024-01-14,2026-01-03,24,1698.85,20386.2,PRO,active
SUB-000186,CUST-00237,2022-09-01,2022-10-01,1,634.87,7618.44,ENTERPRISE,expired
SUB-000187,CUST-00115,2023-10-03,2025-09-22,24,215.4,2584.8,PRO,expired
SUB-000188,CUST-00040,2025-06-24,2028-06-08,36,99.7,1196.4,PRO,active
SUB-000189,CUST-00162,2023-03-13,2026-02-25,36,441.3,5295.6,STARTER,active
SUB-000190,CUST-00136,2025-06-22,2027-06-12,24,362.72,4352.64,PRO,active
SUB-000191,CUST-00239,2024-06-11,2025-06-06,12,224.16,2689.92,ENTERPRISE,expired
SUB-000192,CUST-00221,2025-11-22,2028-11-06,36,101.05,1212.6,ENTERPRISE,active
SUB-000193,CUST-00001,2022-04-29,2024-04-18,24,203.6,2443.2,PRO,expired
SUB-000194,CUST-00001,2023-10-25,2024-10-19,12,566.81,6801.72,ENTERPRISE,expired
SUB-000195,CUST-00064,2025-10-29,2026-10-24,12,271.77,3261.24,PRO,active
SUB-000196,CUST-00085,2022-02-16,2025-01-31,36,273.05,3276.6,PRO,expired
SUB-000197,CUST-00008,2025-08-22,2027-08-12,24,547.51,6570.12,STARTER,active
SUB-000198,CUST-00065,2023-01-21,2023-02-20,1,80.16,961.92,ENTERPRISE,expired
SUB-000199,CUST-00288,2022-04-29,2024-04-18,24,367.56,4410.72,ENTERPRISE,expired
SUB-000200,CUST-00263,2022-12-22,2023-12-17,12,123.42,1481.04,ENTERPRISE,expired
SUB-000201,CUST-00218,2024-02-03,2026-01-23,24,91.07,1092.84,STARTER,active
SUB-000202,CUST-00234,2022-05-12,2022-06-11,1,244.42,2933.04,ENTERPRISE,expired
SUB-000203,CUST-00288,2025-08-08,2025-09-07,1,509.88,6118.56,ENTERPRISE,expired
SUB-000204,CUST-00315,2022-08-29,2023-08-24,12,132.63,1591.56,STARTER,expired
SUB-000205,CUST-00122,2025-12-24,2026-01-23,1,46.55,558.6,ENTERPRISE,active
SUB-000206,CUST-00339,2022-12-07,2025-11-21,36,360.95,4331.4,ENTERPRISE,expired
SUB-000207,CUST-00381,2022-08-06,2023-08-01,12,206.21,2474.52,ENTERPRISE,expired
SUB-000208,CUST-00162,2024-02-23,2026-02-12,24,190.47,2285.64,ENTERPRISE,active
SUB-000209,CUST-00045,2022-06-28,2025-06-12,36,184.47,2213.64,ENTERPRISE,expired
SUB-000210,CUST-00173,2025-06-06,2026-06-01,12,216.14,2593.68,ENTERPRISE,active
SUB-000211,CUST-00064,2025-11-21,2027-11-11,24,1202.42,14429.04,PRO,active
SUB-000212,CUST-00058,2024-08-07,2025-08-02,12,385.09,4621.08,STARTER,expired
SUB-000213,CUST-00193,2024-12-15,2026-12-05,24,501.61,6019.32,STARTER,active
SUB-000214,CUST-00334,2023-12-04,2026-11-18,36,163.56,1962.72,STARTER,active
SUB-000215,CUST-00104,2023-06-22,2024-06-16,12,173.7,2084.4,ENTERPRISE,expired
SUB-000216,CUST-00048,2022-03-05,2025-02-17,36,50.2,602.4,ENTERPRISE,expired
SUB-000217,CUST-00332,2022-02-24,2022-03-26,1,419.54,5034.48,PRO,expired
SUB-000218,CUST-00188,2024-07-05,2025-06-30,12,249.68,2996.16,PRO,expired
SUB-000219,CUST-00346,2023-05-19,2024-05-13,12,339.57,4074.84,ENTERPRISE,expired
SUB-000220,CUST-00281,2024-10-01,2026-09-21,24,731.2,8774.4,ENTERPRISE,active
SUB-000221,CUST-00396,2022-11-17,2023-11-12,12,616.84,7402.08,STARTER,expired
SUB-000222,CUST-00218,2023-07-06,2023-08-05,1,56.93,683.16,PRO,expired
SUB-000223,CUST-00355,2023-05-16,2025-05-05,24,178.9,2146.8,PRO,expired
SUB-000224,CUST-00097,2022-06-07,2023-06-02,12,226.48,2717.76,PRO,expired
SUB-000225,CUST-00151,2023-02-20,2023-03-22,1,85.42,1025.04,ENTERPRISE,expired
SUB-000226,CUST-00190,2025-04-10,2028-03-25,36,19.15,229.8,ENTERPRISE,active
SUB-000227,CUST-00257,2025-08-09,2027-07-30,24,457.98,5495.76,ENTERPRISE,active
SUB-000228,CUST-00232,2023-03-24,2025-03-13,24,437.96,5255.52,STARTER,expired
SUB-000229,CUST-00114,2022-10-06,2023-10-01,12,119.01,1428.12,STARTER,expired
SUB-000230,CUST-00146,2024-05-19,2027-05-04,36,25.13,301.56,ENTERPRISE,active
SUB-000231,CUST-00107,2022-01-01,2022-12-27,12,3025.32,36303.84,STARTER,expired
SUB-000232,CUST-00382,2023-03-22,2025-03-11,24,131.35,1576.2,PRO,expired
SUB-000233,CUST-00034,2023-04-23,2025-04-12,24,446.6,5359.2,ENTERPRISE,expired
SUB-000234,CUST-00177,2022-05-18,2025-05-02,36,763.13,9157.56,ENTERPRISE,expired
SUB-000235,CUST-00034,2022-02-15,2025-01-30,36,164.42,1973.04,ENTERPRISE,expired
SUB-000236,CUST-00244,2023-02-02,2026-01-17,36,116.62,1399.44,PRO,active
SUB-000237,CUST-00253,2022-11-20,2023-11-15,12,131.41,1576.92,ENTERPRISE,expired
SUB-000238,CUST-00316,2025-07-27,2027-07-17,24,1225.03,14700.36,PRO,active
SUB-000239,CUST-00059,2024-10-20,2024-11-19,1,94.7,1136.4,STARTER,expired
SUB-000240,CUST-00220,2022-09-21,2023-09-16,12,104.68,1256.16,PRO,expired
SUB-000241,CUST-00165,2022-01-28,2023-01-23,12,1054.4,12652.8,ENTERPRISE,expired
SUB-000242,CUST-00183,2022-03-06,2024-02-24,24,163.64,1963.68,STARTER,expired
SUB-000243,CUST-00380,2025-08-11,2025-09-10,1,481.11,5773.32,PRO,expired
SUB-000244,CUST-00160,2023-12-16,2026-11-30,36,312.19,3746.28,PRO,active
SUB-000245,CUST-00224,2025-07-10,2025-08-09,1,277.49,3329.88,ENTERPRISE,expired
SUB-000246,CUST-00067,2023-01-10,2023-02-09,1,27.52,330.24,PRO,expired
SUB-000247,CUST-00202,2024-09-14,2026-09-04,24,121.33,1455.96,ENTERPRISE,active
SUB-000248,CUST-00142,2025-03-16,2027-03-06,24,66.75,801.0,ENTERPRISE,active
SUB-000249,CUST-00326,2024-09-15,2027-08-31,36,987.32,11847.84,PRO,active
SUB-000250,CUST-00173,2025-08-11,2027-08-01,24,349.29,4191.48,ENTERPRISE,active
SUB-000251,CUST-00165,2024-04-08,2025-04-03,12,125.36,1504.32,ENTERPRISE,expired
SUB-000252,CUST-00339,2023-09-30,2025-09-19,24,302.12,3625.44,PRO,expired
SUB-000253,CUST-00277,2022-04-05,2024-03-25,24,34.64,415.68,PRO,expired
SUB-000254,CUST-00095,2024-03-21,2027-03-06,36,222.35,2668.2,STARTER,active
SUB-000255,CUST-00068,2025-03-05,2026-02-28,12,295.14,3541.68,ENTERPRISE,active
SUB-000256,CUST-00104,2025-02-20,2027-02-10,24,409.46,4913.52,ENTERPRISE,active
SUB-000257,CUST-00357,2023-08-28,2026-08-12,36,119.24,1430.88,ENTERPRISE,active
SUB-000258,CUST-00132,2024-10-11,2024-11-10,1,86.25,1035.0,ENTERPRISE,expired
SUB-000259,CUST-00063,2023-01-02,2024-12-22,24,315.7,3788.4,ENTERPRISE,expired
SUB-000260,CUST-00370,2024-12-13,2027-11-28,36,343.38,4120.56,ENTERPRISE,active
SUB-000261,CUST-00166,2022-04-12,2025-03-27,36,91.47,1097.64,STARTER,expired
SUB-000262,CUST-00382,2025-12-19,2027-12-09,24,725.51,8706.12,STARTER,active
SUB-000263,CUST-00045,2024-02-03,2026-01-23,24,861.79,10341.48,PRO,active
SUB-000264,CUST-00189,2025-09-02,2025-10-02,1,406.64,4879.68,STARTER,expired
SUB-000265,CUST-00119,2022-09-14,2025-08-29,36,654.03,7848.36,ENTERPRISE,expired
SUB-000266,CUST-00092,2022-03-09,2025-02-21,36,157.15,1885.8,PRO,expired
SUB-000267,CUST-00010,2024-06-07,2024-07-07,1,236.65,2839.8,ENTERPRISE,expired
SUB-000268,CUST-00360,2024-10-21,2024-11-20,1,644.29,7731.48,STARTER,expired
SUB-000269,CUST-00380,2024-11-15,2025-11-10,12,71.47,857.64,ENTERPRISE,expired
SUB-000270,CUST-00361,2022-03-22,2024-03-11,24,58.11,697.32,ENTERPRISE,expired
SUB-000271,CUST-00195,2024-07-03,2025-06-28,12,63.03,756.36,ENTERPRISE,expired
SUB-000272,CUST-00168,2023-06-14,2023-07-14,1,128.62,1543.44,PRO,expired
SUB-000273,CUST-00174,2023-05-25,2025-05-14,24,253.82,3045.84,STARTER,expired
SUB-000274,CUST-00155,2022-12-07,2023-01-06,1,84.43,1013.16,PRO,expired
SUB-000275,CUST-00058,2025-12-14,2026-12-09,12,98.69,1184.28,PRO,active
SUB-000276,CUST-00157,2023-03-10,2024-03-04,12,251.32,3015.84,PRO,expired
SUB-000277,CUST-00137,2023-09-18,2024-09-12,12,148.63,1783.56,STARTER,expired
SUB-000278,CUST-00159,2024-01-22,2027-01-06,36,363.95,4367.4,STARTER,active
SUB-000279,CUST-00368,2023-03-22,2023-04-21,1,168.45,2021.4,STARTER,expired
SUB-000280,CUST-00352,2024-03-09,2026-02-27,24,305.18,3662.16,STARTER,active
SUB-000281,CUST-00246,2022-02-09,2025-01-24,36,2247.59,26971.08,ENTERPRISE,expired
SUB-000282,CUST-00279,2023-04-27,2023-05-27,1,52.46,629.52,STARTER,expired
SUB-000283,CUST-00245,2025-09-07,2027-08-28,24,314.55,3774.6,STARTER,active
SUB-000284,CUST-00139,2022-03-09,2023-03-04,12,831.81,9981.72,ENTERPRISE,expired
SUB-000285,CUST-00246,2024-05-14,2026-05-04,24,1159.9,13918.8,ENTERPRISE,active
SUB-000286,CUST-00173,2023-03-16,2023-04-15,1,221.6,2659.2,ENTERPRISE,expired
SUB-000287,CUST-00292,2025-01-13,2027-12-29,36,48.68,584.16,ENTERPRISE,active
SUB-000288,CUST-00333,2025-02-25,2028-02-10,36,120.14,1441.68,STARTER,active
SUB-000289,CUST-00125,2025-10-16,2026-10-11,12,26.17,314.04,ENTERPRISE,active
SUB-000290,CUST-00040,2025-09-13,2028-08-28,36,367.27,4407.24,PRO,active
SUB-000291,CUST-00045,2023-03-12,2024-03-06,12,261.48,3137.76,ENTERPRISE,expired
SUB-000292,CUST-00249,2024-09-30,2026-09-20,24,52.81,633.72,ENTERPRISE,active
SUB-000293,CUST-00165,2023-06-05,2025-05-25,24,270.64,3247.68,STARTER,expired
SUB-000294,CUST-00197,2024-11-07,2024-12-07,1,146.05,1752.6,ENTERPRISE,expired
SUB-000295,CUST-00032,2023-07-30,2024-07-24,12,138.43,1661.16,ENTERPRISE,expired
SUB-000296,CUST-00086,2023-07-27,2023-08-26,1,1075.97,12911.64,PRO,expired
SUB-000297,CUST-00170,2024-03-14,2024-04-13,1,262.55,3150.6,PRO,expired
SUB-000298,CUST-00104,2025-05-22,2027-05-12,24,679.25,8151.0,ENTERPRISE,active
SUB-000299,CUST-00032,2024-10-13,2025-10-08,12,284.7,3416.4,PRO,expired
SUB-000300,CUST-00132,2025-11-27,2026-11-22,12,157.61,1891.32,STARTER,active
SUB-000301,CUST-00006,2022-11-17,2025-11-01,36,27.31,327.72,PRO,expired
SUB-000302,CUST-00345,2023-10-26,2025-10-15,24,426.03,5112.36,STARTER,expired
SUB-000303,CUST-00272,2025-04-26,2027-04-16,24,191.76,2301.12,ENTERPRISE,active
SUB-000304,CUST-00361,2025-05-17,2028-05-01,36,622.02,7464.24,PRO,active
SUB-000305,CUST-00209,2025-05-01,2027-04-21,24,541.03,6492.36,PRO,active
SUB-000306,CUST-00212,2024-08-21,2024-09-20,1,303.63,3643.56,STARTER,expired
SUB-000307,CUST-00191,2025-09-11,2027-09-01,24,364.75,4377.0,ENTERPRISE,active
SUB-000308,CUST-00145,2023-12-13,2024-01-12,1,279.67,3356.04,ENTERPRISE,expired
SUB-000309,CUST-00387,2022-02-02,2025-01-17,36,347.04,4164.48,STARTER,expired
SUB-000310,CUST-00154,2022-10-31,2023-10-26,12,208.29,2499.48,PRO,expired
SUB-000311,CUST-00212,2022-12-16,2023-01-15,1,354.82,4257.84,ENTERPRISE,expired
SUB-000312,CUST-00170,2023-04-12,2026-03-27,36,209.25,2511.0,STARTER,active
SUB-000313,CUST-00388,2025-01-20,2025-02-19,1,622.72,7472.64,PRO,expired
SUB-000314,CUST-00278,2024-05-06,2025-05-01,12,652.45,7829.4,STARTER,expired
SUB-000315,CUST-00313,2025-10-10,2028-09-24,36,37.76,453.12,STARTER,active
SUB-000316,CUST-00391,2023-01-04,2023-12-30,12,135.68,1628.16,ENTERPRISE,expired
SUB-000317,CUST-00015,2022-01-31,2022-03-02,1,236.65,2839.8,ENTERPRISE,expired
SUB-000318,CUST-00041,2025-10-16,2026-10-11,12,49.94,599.28,STARTER,active
SUB-000319,CUST-00246,2022-09-29,2022-10-29,1,365.56,4386.72,STARTER,expired
SUB-000320,CUST-00223,2023-10-15,2023-11-14,1,233.58,2802.96,PRO,expired
SUB-000321,CUST-00344,2023-10-05,2024-09-29,12,65.76,789.12,STARTER,expired
SUB-000322,CUST-00209,2023-02-26,2026-02-10,36,309.33,3711.96,ENTERPRISE,active
SUB-000323,CUST-00274,2025-05-05,2025-06-04,1,179.52,2154.24,PRO,expired
SUB-000324,CUST-00289,2025-06-30,2028-06-14,36,126.12,1513.44,PRO,active
SUB-000325,CUST-00200,2023-03-13,2024-03-07,12,618.68,7424.16,STARTER,expired
SUB-000326,CUST-00385,2024-03-17,2025-03-12,12,148.68,1784.16,PRO,expired
SUB-000327,CUST-00124,2025-06-06,2027-05-27,24,213.78,2565.36,STARTER,active
SUB-000328,CUST-00272,2023-08-11,2024-08-05,12,277.63,3331.56,ENTERPRISE,expired
SUB-000329,CUST-00237,2024-01-22,2025-01-16,12,399.81,4797.72,STARTER,expired
SUB-000330,CUST-00041,2023-07-17,2023-08-16,1,158.35,1900.2,PRO,expired
SUB-000331,CUST-00224,2024-05-18,2025-05-13,12,395.15,4741.8,STARTER,expired
SUB-000332,CUST-00095,2024-01-21,2026-01-10,24,296.37,3556.44,PRO,active
SUB-000333,CUST-00054,2023-03-14,2024-03-08,12,355.36,4264.32,ENTERPRISE,expired
SUB-000334,CUST-00104,2023-04-02,2025-03-22,24,311.96,3743.52,STARTER,expired
SUB-000335,CUST-00197,2024-06-22,2025-06-17,12,641.72,7700.64,ENTERPRISE,expired
SUB-000336,CUST-00194,2025-11-11,2027-11-01,24,474.62,5695.44,ENTERPRISE,active
SUB-000337,CUST-00357,2025-01-26,2025-02-25,1,242.89,2914.68,PRO,expired
SUB-000338,CUST-00327,2025-10-18,2028-10-02,36,393.99,4727.88,STARTER,active
SUB-000339,CUST-00029,2025-01-09,2026-01-04,12,409.52,4914.24,STARTER,active
SUB-000340,CUST-00353,2023-03-17,2023-04-16,1,664.05,7968.6,ENTERPRISE,expired
SUB-000341,CUST-00025,2022-08-24,2024-08-13,24,554.87,6658.44,ENTERPRISE,expired
SUB-000342,CUST-00361,2022-02-12,2022-03-14,1,462.68,5552.16,PRO,expired
SUB-000343,CUST-00286,2025-04-21,2025-05-21,1,253.96,3047.52,STARTER,expired
SUB-000344,CUST-00373,2022-01-12,2024-01-02,24,151.68,1820.16,ENTERPRISE,expired
SUB-000345,CUST-00395,2022-06-11,2022-07-11,1,64.23,770.76,PRO,expired
SUB-000346,CUST-00365,2024-04-29,2024-05-29,1,162.8,1953.6,ENTERPRISE,expired
SUB-000347,CUST-00292,2024-02-13,2025-02-07,12,208.83,2505.96,ENTERPRISE,expired
SUB-000348,CUST-00013,2024-10-07,2026-09-27,24,598.47,7181.64,PRO,active
SUB-000349,CUST-00228,2024-06-27,2027-06-12,36,202.73,2432.76,ENTERPRISE,active
SUB-000350,CUST-00140,2022-05-24,2023-05-19,12,810.03,9720.36,ENTERPRISE,expired
SUB-000351,CUST-00368,2024-07-14,2026-07-04,24,909.8,10917.6,ENTERPRISE,active
SUB-000352,CUST-00123,2024-08-21,2025-08-16,12,256.93,3083.16,STARTER,expired
SUB-000353,CUST-00198,2022-05-19,2025-05-03,36,435.88,5230.56,PRO,expired
SUB-000354,CUST-00187,2022-03-18,2022-04-17,1,559.07,6708.84,PRO,expired
SUB-000355,CUST-00006,2023-03-28,2023-04-27,1,189.09,2269.08,ENTERPRISE,expired
SUB-000356,CUST-00375,2025-11-25,2027-11-15,24,160.41,1924.92,STARTER,active
SUB-000357,CUST-00181,2024-10-15,2024-11-14,1,506.85,6082.2,ENTERPRISE,expired
SUB-000358,CUST-00373,2025-11-07,2026-11-02,12,80.62,967.44,PRO,active
SUB-000359,CUST-00035,2022-02-23,2022-03-25,1,163.33,1959.96,STARTER,expired
SUB-000360,CUST-00399,2025-01-26,2027-01-16,24,224.67,2696.04,ENTERPRISE,active
SUB-000361,CUST-00296,2024-06-21,2024-07-21,1,761.71,9140.52,ENTERPRISE,expired
SUB-000362,CUST-00330,2025-08-04,2026-07-30,12,796.51,9558.12,ENTERPRISE,active
SUB-000363,CUST-00091,2023-07-13,2026-06-27,36,78.5,942.0,PRO,active
SUB-000364,CUST-00052,2023-01-24,2025-01-13,24,734.94,8819.28,ENTERPRISE,expired
SUB-000365,CUST-00100,2025-07-28,2028-07-12,36,940.99,11291.88,PRO,active
SUB-000366,CUST-00103,2022-04-09,2024-03-29,24,32.12,385.44,ENTERPRISE,expired
SUB-000367,CUST-00347,2024-02-14,2025-02-08,12,429.21,5150.52,ENTERPRISE,expired
SUB-000368,CUST-00002,2023-04-06,2026-03-21,36,875.68,10508.16,STARTER,active
SUB-000369,CUST-00035,2025-09-14,2028-08-29,36,455.83,5469.96,STARTER,active
SUB-000370,CUST-00043,2024-08-06,2025-08-01,12,92.33,1107.96,STARTER,expired
SUB-000371,CUST-00272,2025-03-26,2027-03-16,24,269.32,3231.84,STARTER,active
SUB-000372,CUST-00162,2023-06-22,2025-06-11,24,487.57,5850.84,STARTER,expired
SUB-000373,CUST-00247,2024-04-01,2026-03-22,24,77.21,926.52,ENTERPRISE,active
SUB-000374,CUST-00109,2024-04-04,2024-05-04,1,95.48,1145.76,PRO,expired
SUB-000375,CUST-00038,2025-04-02,2027-03-23,24,118.64,1423.68,PRO,active
SUB-000376,CUST-00056,2022-11-11,2024-10-31,24,1613.93,19367.16,STARTER,expired
SUB-000377,CUST-00076,2023-02-14,2024-02-09,12,117.62,1411.44,STARTER,expired
SUB-000378,CUST-00103,2025-10-23,2026-10-18,12,254.18,3050.16,ENTERPRISE,active
SUB-000379,CUST-00061,2025-06-10,2026-06-05,12,129.41,1552.92,STARTER,active
SUB-000380,CUST-00058,2024-04-20,2025-04-15,12,33.89,406.68,PRO,expired
SUB-000381,CUST-00076,2023-03-09,2023-04-08,1,90.56,1086.72,STARTER,expired
SUB-000382,CUST-00050,2022-09-01,2025-08-16,36,175.92,2111.04,PRO,expired
SUB-000383,CUST-00097,2025-05-18,2026-05-13,12,169.01,2028.12,PRO,active
SUB-000384,CUST-00069,2023-09-07,2026-08-22,36,476.18,5714.16,ENTERPRISE,active
SUB-000385,CUST-00085,2022-09-23,2025-09-07,36,92.27,1107.24,ENTERPRISE,expired
SUB-000386,CUST-00344,2024-07-08,2024-08-07,1,182.26,2187.12,PRO,expired
SUB-000387,CUST-00355,2025-03-20,2026-03-15,12,214.09,2569.08,ENTERPRISE,active
SUB-000388,CUST-00365,2023-06-19,2024-06-13,12,314.3,3771.6,STARTER,expired
SUB-000389,CUST-00121,2025-08-14,2025-09-13,1,196.38,2356.56,ENTERPRISE,expired
SUB-000390,CUST-00061,2024-02-09,2024-03-10,1,693.0,8316.0,ENTERPRISE,expired
SUB-000391,CUST-00360,2022-06-08,2022-07-08,1,87.56,1050.72,ENTERPRISE,expired
SUB-000392,CUST-00064,2024-03-25,2025-03-20,12,59.79,717.48,PRO,expired
SUB-000393,CUST-00267,2024-07-31,2026-07-21,24,108.07,1296.84,PRO,active
SUB-000394,CUST-00239,2022-01-24,2023-01-19,12,88.49,1061.88,ENTERPRISE,expired
SUB-000395,CUST-00277,2023-02-14,2025-02-03,24,151.31,1815.72,ENTERPRISE,expired
SUB-000396,CUST-00338,2022-02-18,2023-02-13,12,41.58,498.96,STARTER,expired
SUB-000397,CUST-00360,2025-06-04,2025-07-04,1,101.88,1222.56,STARTER,expired
SUB-000398,CUST-00191,2024-06-29,2027-06-14,36,204.63,2455.56,PRO,active
SUB-000399,CUST-00372,2022-10-11,2023-10-06,12,634.55,7614.6,ENTERPRISE,expired
SUB-000400,CUST-00004,2023-05-02,2025-04-21,24,359.68,4316.16,PRO,expired
SUB-000401,CUST-00378,2024-07-19,2026-07-09,24,44.56,534.72,PRO,active
SUB-000402,CUST-00390,2023-12-30,2024-01-29,1,221.21,2654.52,ENTERPRISE,expired
SUB-000403,CUST-00103,2024-01-12,2024-02-11,1,80.19,962.28,PRO,expired
SUB-000404,CUST-00253,2025-11-15,2027-11-05,24,93.34,1120.08,STARTER,active
SUB-000405,CUST-00249,2024-06-29,2024-07-29,1,1173.57,14082.84,PRO,expired
SUB-000406,CUST-00115,2023-05-17,2023-06-16,1,57.88,694.56,ENTERPRISE,expired
SUB-000407,CUST-00317,2024-09-20,2025-09-15,12,105.94,1271.28,PRO,expired
SUB-000408,CUST-00370,2025-02-25,2027-02-15,24,108.18,1298.16,STARTER,active
SUB-000409,CUST-00030,2022-04-01,2024-03-21,24,540.39,6484.68,STARTER,expired
SUB-000410,CUST-00152,2025-06-10,2026-06-05,12,1278.27,15339.24,PRO,active
SUB-000411,CUST-00119,2025-06-17,2027-06-07,24,85.44,1025.28,ENTERPRISE,active
SUB-000412,CUST-00264,2024-05-09,2025-05-04,12,110.24,1322.88,STARTER,expired
SUB-000413,CUST-00270,2025-07-17,2026-07-12,12,405.75,4869.0,STARTER,active
SUB-000414,CUST-00212,2025-08-05,2025-09-04,1,637.06,7644.72,STARTER,expired
SUB-000415,CUST-00067,2024-03-04,2025-02-27,12,326.86,3922.32,STARTER,expired
SUB-000416,CUST-00199,2023-11-13,2024-11-07,12,201.26,2415.12,STARTER,expired
SUB-000417,CUST-00332,2024-07-21,2027-07-06,36,227.02,2724.24,ENTERPRISE,active
SUB-000418,CUST-00160,2022-09-11,2023-09-06,12,672.42,8069.04,STARTER,expired
SUB-000419,CUST-00146,2023-02-13,2024-02-08,12,601.41,7216.92,ENTERPRISE,expired
SUB-000420,CUST-00054,2023-07-29,2026-07-13,36,162.94,1955.28,ENTERPRISE,active
SUB-000421,CUST-00359,2023-07-31,2026-07-15,36,143.22,1718.64,STARTER,active
SUB-000422,CUST-00204,2025-06-06,2028-05-21,36,190.12,2281.44,ENTERPRISE,active
SUB-000423,CUST-00393,2022-08-19,2023-08-14,12,492.89,5914.68,ENTERPRISE,expired
SUB-000424,CUST-00346,2025-01-21,2027-01-11,24,224.99,2699.88,STARTER,active
SUB-000425,CUST-00298,2024-05-16,2024-06-15,1,2792.61,33511.32,PRO,expired
SUB-000426,CUST-00274,2023-02-17,2025-02-06,24,264.58,3174.96,ENTERPRISE,expired
SUB-000427,CUST-00121,2023-07-02,2026-06-16,36,378.63,4543.56,PRO,active
SUB-000428,CUST-00339,2025-03-21,2025-04-20,1,790.28,9483.36,PRO,expired
SUB-000429,CUST-00302,2023-03-01,2025-02-18,24,469.25,5631.0,ENTERPRISE,expired
SUB-000430,CUST-00123,2024-03-06,2026-02-24,24,111.24,1334.88,PRO,active
SUB-000431,CUST-00197,2022-11-18,2025-11-02,36,288.35,3460.2,ENTERPRISE,expired
SUB-000432,CUST-00263,2022-08-24,2024-08-13,24,222.55,2670.6,STARTER,expired
SUB-000433,CUST-00135,2022-06-13,2024-06-02,24,267.26,3207.12,ENTERPRISE,expired
SUB-000434,CUST-00138,2024-02-15,2027-01-30,36,147.81,1773.72,ENTERPRISE,active
SUB-000435,CUST-00205,2023-08-14,2023-09-13,1,235.11,2821.32,ENTERPRISE,expired
SUB-000436,CUST-00076,2025-02-19,2028-02-04,36,291.46,3497.52,STARTER,active
SUB-000437,CUST-00061,2024-07-16,2026-07-06,24,50.49,605.88,STARTER,active
SUB-000438,CUST-00223,2024-05-11,2025-05-06,12,417.13,5005.56,PRO,expired
SUB-000439,CUST-00203,2024-04-19,2026-04-09,24,304.9,3658.8,STARTER,active
SUB-000440,CUST-00345,2025-06-01,2026-05-27,12,668.55,8022.6,STARTER,active
SUB-000441,CUST-00190,2023-11-21,2024-11-15,12,1303.43,15641.16,STARTER,expired
SUB-000442,CUST-00132,2023-07-01,2023-07-31,1,108.86,1306.32,STARTER,expired
SUB-000443,CUST-00119,2025-06-24,2028-06-08,36,398.07,4776.84,PRO,active
SUB-000444,CUST-00290,2024-05-23,2025-05-18,12,1621.63,19459.56,PRO,expired
SUB-000445,CUST-00119,2022-01-07,2024-12-22,36,173.48,2081.76,ENTERPRISE,expired
SUB-000446,CUST-00327,2025-07-19,2025-08-18,1,39.07,468.84,PRO,expired
SUB-000447,CUST-00227,2022-09-14,2025-08-29,36,166.01,1992.12,STARTER,expired
SUB-000448,CUST-00030,2025-09-01,2026-08-27,12,682.65,8191.8,STARTER,active
SUB-000449,CUST-00216,2024-12-28,2025-01-27,1,581.36,6976.32,PRO,expired
SUB-000450,CUST-00275,2022-10-22,2025-10-06,36,821.22,9854.64,PRO,expired
SUB-000451,CUST-00382,2025-03-25,2026-03-20,12,162.55,1950.6,PRO,active
SUB-000452,CUST-00128,2024-03-24,2025-03-19,12,201.8,2421.6,ENTERPRISE,expired
SUB-000453,CUST-00169,2022-12-28,2024-12-17,24,182.27,2187.24,STARTER,expired
SUB-000454,CUST-00167,2023-04-22,2023-05-22,1,312.26,3747.12,STARTER,expired
SUB-000455,CUST-00242,2024-05-19,2026-05-09,24,591.96,7103.52,ENTERPRISE,active
SUB-000456,CUST-00102,2023-09-12,2025-09-01,24,497.69,5972.28,PRO,expired
SUB-000457,CUST-00342,2022-06-07,2024-05-27,24,858.19,10298.28,PRO,expired
SUB-000458,CUST-00299,2025-05-22,2026-05-17,12,1514.48,18173.76,STARTER,active
SUB-000459,CUST-00039,2024-08-12,2027-07-28,36,239.86,2878.32,STARTER,active
SUB-000460,CUST-00283,2024-08-13,2025-08-08,12,61.14,733.68,STARTER,expired
SUB-000461,CUST-00111,2024-06-27,2027-06-12,36,120.69,1448.28,STARTER,active
SUB-000462,CUST-00210,2022-06-28,2025-06-12,36,309.73,3716.76,ENTERPRISE,expired
SUB-000463,CUST-00245,2023-07-20,2023-08-19,1,55.06,660.72,ENTERPRISE,expired
SUB-000464,CUST-00339,2023-10-18,2026-10-02,36,683.8,8205.6,PRO,active
SUB-000465,CUST-00390,2023-04-06,2023-05-06,1,270.43,3245.16,STARTER,expired
SUB-000466,CUST-00336,2024-06-30,2025-06-25,12,254.56,3054.72,PRO,expired
SUB-000467,CUST-00133,2022-01-31,2025-01-15,36,397.81,4773.72,STARTER,expired
SUB-000468,CUST-00058,2024-08-18,2027-08-03,36,220.63,2647.56,STARTER,active
SUB-000469,CUST-00114,2022-12-10,2023-12-05,12,591.73,7100.76,ENTERPRISE,expired
SUB-000470,CUST-00120,2025-03-31,2027-03-21,24,247.84,2974.08,ENTERPRISE,active
SUB-000471,CUST-00015,2023-03-27,2023-04-26,1,47.59,571.08,STARTER,expired
SUB-000472,CUST-00196,2025-12-29,2026-12-24,12,492.34,5908.08,PRO,active
SUB-000473,CUST-00374,2024-09-22,2027-09-07,36,311.22,3734.64,STARTER,active
SUB-000474,CUST-00271,2025-06-05,2025-07-05,1,341.68,4100.16,ENTERPRISE,expired
SUB-000475,CUST-00389,2024-05-26,2024-06-25,1,142.48,1709.76,ENTERPRISE,expired
SUB-000476,CUST-00170,2024-01-04,2026-12-19,36,115.37,1384.44,ENTERPRISE,active
SUB-000477,CUST-00134,2025-02-16,2026-02-11,12,66.78,801.36,ENTERPRISE,active
SUB-000478,CUST-00256,2025-04-05,2027-03-26,24,183.48,2201.76,PRO,active
SUB-000479,CUST-00390,2022-03-02,2024-02-20,24,41.61,499.32,PRO,expired
SUB-000480,CUST-00296,2024-04-21,2026-04-11,24,190.23,2282.76,ENTERPRISE,active
SUB-000481,CUST-00345,2023-09-21,2023-10-21,1,44.89,538.68,STARTER,expired
SUB-000482,CUST-00334,2022-02-16,2022-03-18,1,335.68,4028.16,PRO,expired
SUB-000483,CUST-00354,2023-07-18,2026-07-02,36,1140.56,13686.72,PRO,active
SUB-000484,CUST-00349,2023-06-28,2023-07-28,1,107.22,1286.64,ENTERPRISE,expired
SUB-000485,CUST-00343,2022-03-29,2022-04-28,1,676.62,8119.44,PRO,expired
SUB-000486,CUST-00035,2022-07-13,2025-06-27,36,186.98,2243.76,STARTER,expired
SUB-000487,CUST-00124,2023-02-02,2026-01-17,36,447.5,5370.0,ENTERPRISE,active
SUB-000488,CUST-00336,2022-03-10,2024-02-28,24,256.52,3078.24,STARTER,expired
SUB-000489,CUST-00223,2024-02-06,2027-01-21,36,468.92,5627.04,STARTER,active
SUB-000490,CUST-00275,2023-12-12,2024-12-06,12,48.72,584.64,STARTER,expired
SUB-000491,CUST-00317,2023-05-08,2026-04-22,36,105.2,1262.4,PRO,active
SUB-000492,CUST-00088,2024-08-27,2025-08-22,12,333.38,4000.56,STARTER,expired
SUB-000493,CUST-00378,2022-09-29,2025-09-13,36,239.92,2879.04,STARTER,expired
SUB-000494,CUST-00146,2023-08-27,2025-08-16,24,866.88,10402.56,ENTERPRISE,expired
SUB-000495,CUST-00312,2022-06-02,2025-05-17,36,202.9,2434.8,ENTERPRISE,expired
SUB-000496,CUST-00024,2022-06-15,2024-06-04,24,695.61,8347.32,STARTER,expired
SUB-000497,CUST-00328,2024-09-12,2027-08-28,36,202.67,2432.04,PRO,active
SUB-000498,CUST-00248,2025-11-30,2027-11-20,24,225.48,2705.76,ENTERPRISE,active
SUB-000499,CUST-00229,2022-07-16,2022-08-15,1,412.1,4945.2,STARTER,expired
SUB-000500,CUST-00141,2023-10-09,2023-11-08,1,68.07,816.84,PRO,expired
SUB-000501,CUST-00057,2022-12-30,2023-01-29,1,175.78,2109.36,ENTERPRISE,expired
SUB-000502,CUST-00073,2025-03-27,2025-04-26,1,84.3,1011.6,STARTER,expired
SUB-000503,CUST-00088,2025-11-06,2027-10-27,24,67.64,811.68,ENTERPRISE,active
SUB-000504,CUST-00347,2022-12-19,2023-01-18,1,281.79,3381.48,ENTERPRISE,expired
SUB-000505,CUST-00210,2025-01-13,2027-01-03,24,173.83,2085.96,PRO,active
SUB-000506,CUST-00365,2024-11-03,2024-12-03,1,158.16,1897.92,STARTER,expired
SUB-000507,CUST-00085,2024-11-30,2026-11-20,24,93.04,1116.48,STARTER,active
SUB-000508,CUST-00300,2022-03-21,2024-03-10,24,262.9,3154.8,PRO,expired
SUB-000509,CUST-00232,2023-07-20,2023-08-19,1,61.5,738.0,PRO,expired
SUB-000510,CUST-00400,2022-03-01,2025-02-13,36,157.28,1887.36,PRO,expired
SUB-000511,CUST-00023,2024-02-13,2027-01-28,36,193.14,2317.68,STARTER,active
SUB-000512,CUST-00025,2025-08-02,2027-07-23,24,264.44,3173.28,STARTER,active
SUB-000513,CUST-00358,2023-08-20,2024-08-14,12,110.67,1328.04,ENTERPRISE,expired
SUB-000514,CUST-00324,2024-02-16,2024-03-17,1,278.74,3344.88,STARTER,expired
SUB-000515,CUST-00046,2022-06-17,2024-06-06,24,411.69,4940.28,ENTERPRISE,expired
SUB-000516,CUST-00030,2025-09-02,2028-08-17,36,749.39,8992.68,STARTER,active
SUB-000517,CUST-00292,2025-03-04,2027-02-22,24,109.75,1317.0,PRO,active
SUB-000518,CUST-00343,2024-09-15,2024-10-15,1,407.9,4894.8,ENTERPRISE,expired
SUB-000519,CUST-00162,2023-11-17,2024-11-11,12,96.19,1154.28,PRO,expired
SUB-000520,CUST-00185,2023-09-07,2025-08-27,24,423.51,5082.12,ENTERPRISE,expired
SUB-000521,CUST-00326,2022-11-05,2023-10-31,12,478.17,5738.04,PRO,expired
SUB-000522,CUST-00363,2023-12-12,2024-01-11,1,280.34,3364.08,STARTER,expired
SUB-000523,CUST-00173,2022-06-15,2024-06-04,24,280.54,3366.48,PRO,expired
SUB-000524,CUST-00186,2023-08-24,2025-08-13,24,140.27,1683.24,ENTERPRISE,expired
SUB-000525,CUST-00143,2023-08-02,2024-07-27,12,125.88,1510.56,ENTERPRISE,expired
SUB-000526,CUST-00181,2022-07-06,2022-08-05,1,328.31,3939.72,STARTER,expired
SUB-000527,CUST-00255,2024-02-15,2026-02-04,24,215.91,2590.92,PRO,active
SUB-000528,CUST-00200,2024-12-24,2026-12-14,24,105.22,1262.64,STARTER,active
SUB-000529,CUST-00194,2025-04-26,2026-04-21,12,665.41,7984.92,PRO,active
SUB-000530,CUST-00149,2025-06-16,2026-06-11,12,475.08,5700.96,PRO,active
SUB-000531,CUST-00060,2024-04-15,2026-04-05,24,95.18,1142.16,STARTER,active
SUB-000532,CUST-00137,2024-02-11,2024-03-12,1,114.72,1376.64,ENTERPRISE,expired
SUB-000533,CUST-00229,2022-02-24,2022-03-26,1,189.11,2269.32,STARTER,expired
SUB-000534,CUST-00274,2023-11-02,2026-10-17,36,151.55,1818.6,PRO,active
SUB-000535,CUST-00274,2025-12-20,2026-12-15,12,229.13,2749.56,PRO,active
SUB-000536,CUST-00137,2023-02-18,2023-03-20,1,160.27,1923.24,STARTER,expired
SUB-000537,CUST-00231,2025-02-01,2028-01-17,36,137.92,1655.04,ENTERPRISE,active
SUB-000538,CUST-00302,2022-08-22,2025-08-06,36,678.86,8146.32,STARTER,expired
SUB-000539,CUST-00222,2022-11-03,2023-10-29,12,1185.4,14224.8,ENTERPRISE,expired
SUB-000540,CUST-00088,2022-10-21,2023-10-16,12,369.08,4428.96,PRO,expired
SUB-000541,CUST-00321,2022-10-16,2024-10-05,24,135.43,1625.16,ENTERPRISE,expired
SUB-000542,CUST-00221,2025-06-20,2025-07-20,1,294.98,3539.76,ENTERPRISE,expired
SUB-000543,CUST-00014,2025-12-13,2027-12-03,24,240.86,2890.32,PRO,active
SUB-000544,CUST-00177,2023-03-26,2023-04-25,1,58.22,698.64,ENTERPRISE,expired
SUB-000545,CUST-00157,2022-11-18,2024-11-07,24,235.88,2830.56,ENTERPRISE,expired
SUB-000546,CUST-00178,2023-02-28,2024-02-23,12,88.81,1065.72,PRO,expired
SUB-000547,CUST-00304,2022-01-13,2023-01-08,12,92.97,1115.64,STARTER,expired
SUB-000548,CUST-00031,2025-11-03,2026-10-29,12,56.88,682.56,PRO,active
SUB-000549,CUST-00089,2025-11-03,2027-10-24,24,141.98,1703.76,STARTER,active
SUB-000550,CUST-00289,2024-01-02,2025-12-22,24,81.53,978.36,PRO,expired
SUB-000551,CUST-00146,2024-10-15,2025-10-10,12,98.74,1184.88,STARTER,expired
SUB-000552,CUST-00196,2024-10-02,2025-09-27,12,526.78,6321.36,PRO,expired
SUB-000553,CUST-00181,2022-03-03,2023-02-26,12,405.1,4861.2,PRO,expired
SUB-000554,CUST-00366,2025-02-04,2028-01-20,36,96.76,1161.12,ENTERPRISE,active
SUB-000555,CUST-00221,2023-10-30,2024-10-24,12,430.71,5168.52,STARTER,expired
SUB-000556,CUST-00122,2024-06-02,2024-07-02,1,237.43,2849.16,ENTERPRISE,expired
SUB-000557,CUST-00261,2025-10-18,2025-11-17,1,212.46,2549.52,PRO,expired
SUB-000558,CUST-00280,2024-05-25,2025-05-20,12,582.13,6985.56,PRO,expired
SUB-000559,CUST-00037,2023-05-24,2024-05-18,12,136.27,1635.24,STARTER,expired
SUB-000560,CUST-00272,2025-03-25,2026-03-20,12,469.61,5635.32,STARTER,active
SUB-000561,CUST-00008,2025-08-20,2028-08-04,36,331.11,3973.32,STARTER,active
SUB-000562,CUST-00108,2023-12-04,2026-11-18,36,214.08,2568.96,PRO,active
SUB-000563,CUST-00039,2022-06-25,2024-06-14,24,484.32,5811.84,ENTERPRISE,expired
SUB-000564,CUST-00196,2025-04-22,2026-04-17,12,1898.79,22785.48,STARTER,active
SUB-000565,CUST-00070,2023-12-25,2026-12-09,36,81.54,978.48,PRO,active
SUB-000566,CUST-00068,2023-08-09,2026-07-24,36,241.34,2896.08,ENTERPRISE,active
SUB-000567,CUST-00256,2023-04-05,2026-03-20,36,271.42,3257.04,PRO,active
SUB-000568,CUST-00175,2023-09-19,2024-09-13,12,465.55,5586.6,ENTERPRISE,expired
SUB-000569,CUST-00294,2024-08-03,2026-07-24,24,242.15,2905.8,PRO,active
SUB-000570,CUST-00232,2024-10-30,2027-10-15,36,1209.07,14508.84,ENTERPRISE,active
SUB-000571,CUST-00029,2025-09-09,2027-08-30,24,117.12,1405.44,STARTER,active
SUB-000572,CUST-00267,2022-05-25,2025-05-09,36,134.64,1615.68,PRO,expired
SUB-000573,CUST-00260,2022-04-13,2022-05-13,1,183.32,2199.84,PRO,expired
SUB-000574,CUST-00224,2022-06-10,2025-05-25,36,104.44,1253.28,STARTER,expired
SUB-000575,CUST-00060,2024-07-01,2025-06-26,12,295.63,3547.56,ENTERPRISE,expired
SUB-000576,CUST-00253,2023-01-26,2025-01-15,24,483.61,5803.32,PRO,expired
SUB-000577,CUST-00399,2022-01-15,2024-12-30,36,531.58,6378.96,PRO,expired
SUB-000578,CUST-00324,2024-07-22,2025-07-17,12,471.58,5658.96,STARTER,expired
SUB-000579,CUST-00383,2024-10-21,2027-10-06,36,793.63,9523.56,ENTERPRISE,active
SUB-000580,CUST-00361,2022-09-14,2022-10-14,1,110.06,1320.72,STARTER,expired
SUB-000581,CUST-00392,2025-08-06,2027-07-27,24,63.66,763.92,STARTER,active
SUB-000582,CUST-00288,2025-11-04,2028-10-19,36,111.38,1336.56,STARTER,active
SUB-000583,CUST-00051,2025-02-27,2025-03-29,1,663.43,7961.16,ENTERPRISE,expired
SUB-000584,CUST-00172,2024-09-27,2025-09-22,12,96.38,1156.56,PRO,expired
SUB-000585,CUST-00232,2024-07-01,2027-06-16,36,268.05,3216.6,PRO,active
SUB-000586,CUST-00121,2025-06-12,2027-06-02,24,430.01,5160.12,ENTERPRISE,active
SUB-000587,CUST-00059,2023-01-30,2026-01-14,36,185.93,2231.16,STARTER,active
SUB-000588,CUST-00360,2024-09-12,2024-10-12,1,214.19,2570.28,PRO,expired
SUB-000589,CUST-00096,2025-10-05,2027-09-25,24,456.79,5481.48,PRO,active
SUB-000590,CUST-00340,2023-11-18,2023-12-18,1,64.33,771.96,ENTERPRISE,expired
SUB-000591,CUST-00136,2023-02-21,2024-02-16,12,311.99,3743.88,ENTERPRISE,expired
SUB-000592,CUST-00235,2023-08-28,2024-08-22,12,289.95,3479.4,ENTERPRISE,expired
SUB-000593,CUST-00092,2023-09-27,2023-10-27,1,669.08,8028.96,ENTERPRISE,expired
SUB-000594,CUST-00241,2024-11-22,2024-12-22,1,73.46,881.52,PRO,expired
SUB-000595,CUST-00251,2022-08-27,2023-08-22,12,106.15,1273.8,STARTER,expired
SUB-000596,CUST-00308,2023-01-28,2025-01-17,24,56.13,673.56,ENTERPRISE,expired
SUB-000597,CUST-00164,2024-12-12,2026-12-02,24,37.74,452.88,ENTERPRISE,active
SUB-000598,CUST-00285,2025-11-14,2027-11-04,24,210.78,2529.36,PRO,active
SUB-000599,CUST-00259,2024-01-18,2026-01-07,24,350.49,4205.88,STARTER,active
SUB-000600,CUST-00177,2022-01-12,2024-01-02,24,149.56,1794.72,PRO,expired
SUB-000601,CUST-00069,2025-11-12,2027-11-02,24,187.15,2245.8,PRO,active
SUB-000602,CUST-00273,2025-10-17,2026-10-12,12,19.11,229.32,STARTER,active
SUB-000603,CUST-00287,2022-11-18,2023-11-13,12,181.23,2174.76,ENTERPRISE,expired
SUB-000604,CUST-00053,2024-11-11,2025-11-06,12,255.63,3067.56,PRO,expired
SUB-000605,CUST-00056,2023-12-21,2025-12-10,24,177.21,2126.52,ENTERPRISE,expired
SUB-000606,CUST-00100,2022-11-18,2025-11-02,36,357.97,4295.64,STARTER,expired
SUB-000607,CUST-00306,2024-08-21,2025-08-16,12,98.17,1178.04,STARTER,expired
SUB-000608,CUST-00158,2024-01-19,2026-01-08,24,77.79,933.48,ENTERPRISE,active
SUB-000609,CUST-00192,2023-04-13,2023-05-13,1,185.13,2221.56,PRO,expired
SUB-000610,CUST-00138,2022-02-27,2025-02-11,36,547.96,6575.52,PRO,expired
SUB-000611,CUST-00335,2024-09-13,2024-10-13,1,121.44,1457.28,STARTER,expired
SUB-000612,CUST-00293,2025-07-26,2027-07-16,24,665.29,7983.48,STARTER,active
SUB-000613,CUST-00128,2023-11-24,2024-11-18,12,282.09,3385.08,ENTERPRISE,expired
SUB-000614,CUST-00194,2022-03-16,2022-04-15,1,109.16,1309.92,STARTER,expired
SUB-000615,CUST-00329,2023-11-11,2025-10-31,24,1624.4,19492.8,STARTER,expired
SUB-000616,CUST-00109,2025-01-14,2027-12-30,36,754.81,9057.72,ENTERPRISE,active
SUB-000617,CUST-00394,2022-01-19,2023-01-14,12,839.37,10072.44,STARTER,expired
SUB-000618,CUST-00342,2024-05-25,2026-05-15,24,45.43,545.16,ENTERPRISE,active
SUB-000619,CUST-00107,2022-03-06,2024-02-24,24,36.9,442.8,ENTERPRISE,expired
SUB-000620,CUST-00041,2025-03-16,2028-02-29,36,268.75,3225.0,ENTERPRISE,active
SUB-000621,CUST-00155,2024-08-18,2026-08-08,24,125.72,1508.64,ENTERPRISE,active
SUB-000622,CUST-00161,2023-08-31,2026-08-15,36,375.62,4507.44,PRO,active
SUB-000623,CUST-00138,2024-02-24,2027-02-08,36,1450.14,17401.68,ENTERPRISE,active
SUB-000624,CUST-00079,2025-07-22,2028-07-06,36,39.42,473.04,STARTER,active
SUB-000625,CUST-00039,2022-12-23,2025-12-07,36,97.04,1164.48,ENTERPRISE,expired
SUB-000626,CUST-00239,2022-12-29,2025-12-13,36,616.06,7392.72,PRO,expired
SUB-000627,CUST-00103,2022-05-09,2024-04-28,24,192.54,2310.48,ENTERPRISE,expired
SUB-000628,CUST-00397,2025-09-04,2025-10-04,1,683.29,8199.48,ENTERPRISE,expired
SUB-000629,CUST-00061,2022-09-13,2024-09-02,24,97.34,1168.08,ENTERPRISE,expired
SUB-000630,CUST-00383,2023-03-18,2024-03-12,12,106.48,1277.76,STARTER,expired
SUB-000631,CUST-00388,2022-05-20,2024-05-09,24,126.97,1523.64,ENTERPRISE,expired
SUB-000632,CUST-00239,2022-12-27,2023-01-26,1,384.65,4615.8,ENTERPRISE,expired
SUB-000633,CUST-00299,2023-07-07,2026-06-21,36,143.99,1727.88,STARTER,active
SUB-000634,CUST-00215,2024-09-05,2027-08-21,36,902.97,10835.64,PRO,active
SUB-000635,CUST-00141,2024-08-31,2027-08-16,36,556.48,6677.76,PRO,active
SUB-000636,CUST-00152,2025-11-17,2026-11-12,12,828.78,9945.36,STARTER,active
SUB-000637,CUST-00114,2022-04-04,2022-05-04,1,220.09,2641.08,PRO,expired
SUB-000638,CUST-00149,2023-10-30,2023-11-29,1,552.14,6625.68,STARTER,expired
SUB-000639,CUST-00185,2024-03-15,2025-03-10,12,130.95,1571.4,STARTER,expired
SUB-000640,CUST-00296,2024-04-07,2024-05-07,1,216.91,2602.92,STARTER,expired
SUB-000641,CUST-00165,2023-10-25,2025-10-14,24,165.71,1988.52,STARTER,expired
SUB-000642,CUST-00328,2024-04-24,2024-05-24,1,993.25,11919.0,PRO,expired
SUB-000643,CUST-00077,2023-06-24,2023-07-24,1,57.86,694.32,ENTERPRISE,expired
SUB-000644,CUST-00367,2023-10-30,2023-11-29,1,527.77,6333.24,STARTER,expired
SUB-000645,CUST-00016,2024-01-03,2024-02-02,1,301.58,3618.96,ENTERPRISE,expired
SUB-000646,CUST-00052,2022-06-07,2025-05-22,36,177.65,2131.8,PRO,expired
SUB-000647,CUST-00364,2024-04-20,2027-04-05,36,621.57,7458.84,STARTER,active
SUB-000648,CUST-00046,2025-12-29,2027-12-19,24,239.98,2879.76,STARTER,active
SUB-000649,CUST-00387,2024-03-30,2025-03-25,12,159.33,1911.96,STARTER,expired
SUB-000650,CUST-00384,2022-12-13,2023-12-08,12,191.21,2294.52,STARTER,expired
SUB-000651,CUST-00068,2025-10-27,2027-10-17,24,304.96,3659.52,PRO,active
SUB-000652,CUST-00089,2023-09-10,2023-10-10,1,169.23,2030.76,ENTERPRISE,expired
SUB-000653,CUST-00350,2022-08-06,2025-07-21,36,1500.29,18003.48,ENTERPRISE,expired
SUB-000654,CUST-00245,2022-01-15,2023-01-10,12,105.88,1270.56,PRO,expired
SUB-000655,CUST-00107,2022-07-19,2025-07-03,36,982.18,11786.16,STARTER,expired
SUB-000656,CUST-00062,2023-06-25,2024-06-19,12,845.51,10146.12,STARTER,expired
SUB-000657,CUST-00347,2023-08-25,2023-09-24,1,308.06,3696.72,ENTERPRISE,expired
SUB-000658,CUST-00154,2025-10-30,2025-11-29,1,251.67,3020.04,ENTERPRISE,expired
SUB-000659,CUST-00140,2025-12-08,2028-11-22,36,168.12,2017.44,PRO,active
SUB-000660,CUST-00327,2022-02-11,2022-03-13,1,520.53,6246.36,ENTERPRISE,expired
SUB-000661,CUST-00214,2024-07-17,2024-08-16,1,689.63,8275.56,STARTER,expired
SUB-000662,CUST-00393,2024-06-29,2024-07-29,1,1254.16,15049.92,ENTERPRISE,expired
SUB-000663,CUST-00346,2024-03-28,2026-03-18,24,118.69,1424.28,PRO,active
SUB-000664,CUST-00349,2025-06-30,2026-06-25,12,979.72,11756.64,STARTER,active
SUB-000665,CUST-00351,2025-02-09,2027-01-30,24,591.63,7099.56,PRO,active
SUB-000666,CUST-00351,2022-05-30,2023-05-25,12,131.17,1574.04,PRO,expired
SUB-000667,CUST-00001,2022-02-11,2023-02-06,12,286.09,3433.08,PRO,expired
SUB-000668,CUST-00327,2022-05-13,2022-06-12,1,94.26,1131.12,ENTERPRISE,expired
SUB-000669,CUST-00031,2024-07-10,2027-06-25,36,111.39,1336.68,ENTERPRISE,active
SUB-000670,CUST-00371,2025-05-30,2025-06-29,1,2143.76,25725.12,ENTERPRISE,expired
SUB-000671,CUST-00258,2023-11-15,2023-12-15,1,120.87,1450.44,STARTER,expired
SUB-000672,CUST-00336,2024-01-19,2025-01-13,12,169.94,2039.28,STARTER,expired
SUB-000673,CUST-00031,2022-01-28,2024-01-18,24,204.75,2457.0,ENTERPRISE,expired
SUB-000674,CUST-00399,2022-05-05,2022-06-04,1,119.27,1431.24,PRO,expired
SUB-000675,CUST-00112,2024-12-23,2025-12-18,12,57.14,685.68,PRO,expired
SUB-000676,CUST-00261,2025-10-31,2027-10-21,24,435.44,5225.28,STARTER,active
SUB-000677,CUST-00095,2024-03-15,2027-02-28,36,545.35,6544.2,STARTER,active
SUB-000678,CUST-00078,2022-01-01,2022-01-31,1,387.02,4644.24,PRO,expired
SUB-000679,CUST-00078,2023-06-27,2024-06-21,12,107.34,1288.08,PRO,expired
SUB-000680,CUST-00119,2023-10-14,2023-11-13,1,142.95,1715.4,ENTERPRISE,expired
SUB-000681,CUST-00275,2025-08-30,2028-08-14,36,48.01,576.12,PRO,active
SUB-000682,CUST-00171,2025-06-23,2025-07-23,1,73.98,887.76,ENTERPRISE,expired
SUB-000683,CUST-00275,2023-12-20,2024-01-19,1,395.28,4743.36,STARTER,expired
SUB-000684,CUST-00300,2023-05-04,2023-06-03,1,63.03,756.36,PRO,expired
SUB-000685,CUST-00163,2022-10-25,2022-11-24,1,163.4,1960.8,ENTERPRISE,expired
SUB-000686,CUST-00136,2025-01-30,2027-01-20,24,64.21,770.52,PRO,active
SUB-000687,CUST-00197,2023-05-27,2025-05-16,24,85.48,1025.76,ENTERPRISE,expired
SUB-000688,CUST-00280,2025-02-03,2026-01-29,12,464.19,5570.28,ENTERPRISE,active
SUB-000689,CUST-00144,2022-06-12,2023-06-07,12,59.19,710.28,STARTER,expired
SUB-000690,CUST-00011,2024-03-21,2026-03-11,24,228.67,2744.04,STARTER,active
SUB-000691,CUST-00391,2024-06-08,2024-07-08,1,134.0,1608.0,ENTERPRISE,expired
SUB-000692,CUST-00153,2024-07-28,2026-07-18,24,209.86,2518.32,PRO,active
SUB-000693,CUST-00011,2023-02-07,2025-01-27,24,108.64,1303.68,ENTERPRISE,expired
SUB-000694,CUST-00035,2025-05-25,2025-06-24,1,30.22,362.64,PRO,expired
SUB-000695,CUST-00218,2023-08-31,2026-08-15,36,578.2,6938.4,PRO,active
SUB-000696,CUST-00133,2023-04-17,2023-05-17,1,23.3,279.6,ENTERPRISE,expired
SUB-000697,CUST-00392,2022-11-08,2024-10-28,24,2542.84,30514.08,STARTER,expired
SUB-000698,CUST-00069,2024-02-12,2025-02-06,12,67.88,814.56,ENTERPRISE,expired
SUB-000699,CUST-00091,2024-11-19,2027-11-04,36,199.3,2391.6,PRO,active
SUB-000700,CUST-00217,2024-07-14,2024-08-13,1,138.27,1659.24,STARTER,expired
SUB-000701,CUST-00093,2024-02-13,2025-02-07,12,179.26,2151.12,PRO,expired
SUB-000702,CUST-00122,2023-06-24,2026-06-08,36,197.26,2367.12,PRO,active
SUB-000703,CUST-00228,2022-02-11,2023-02-06,12,240.53,2886.36,PRO,expired
SUB-000704,CUST-00272,2024-09-15,2026-09-05,24,210.4,2524.8,ENTERPRISE,active
SUB-000705,CUST-00244,2024-11-14,2027-10-30,36,236.19,2834.28,STARTER,active
SUB-000706,CUST-00056,2022-03-15,2025-02-27,36,168.1,2017.2,ENTERPRISE,expired
SUB-000707,CUST-00187,2023-07-07,2023-08-06,1,485.84,5830.08,ENTERPRISE,expired
SUB-000708,CUST-00316,2025-09-14,2026-09-09,12,67.89,814.68,ENTERPRISE,active
SUB-000709,CUST-00373,2022-05-29,2023-05-24,12,278.12,3337.44,ENTERPRISE,expired
SUB-000710,CUST-00361,2025-05-31,2026-05-26,12,137.9,1654.8,STARTER,active
SUB-000711,CUST-00138,2022-08-24,2024-08-13,24,208.56,2502.72,STARTER,expired
SUB-000712,CUST-00081,2022-04-04,2022-05-04,1,289.5,3474.0,STARTER,expired
SUB-000713,CUST-00195,2024-07-15,2025-07-10,12,120.72,1448.64,PRO,expired
SUB-000714,CUST-00086,2023-10-23,2025-10-12,24,99.5,1194.0,PRO,expired
SUB-000715,CUST-00190,2024-03-23,2026-03-13,24,192.63,2311.56,PRO,active
SUB-000716,CUST-00321,2024-09-15,2027-08-31,36,720.07,8640.84,PRO,active
SUB-000717,CUST-00379,2023-08-05,2023-09-04,1,301.21,3614.52,ENTERPRISE,expired
SUB-000718,CUST-00328,2023-08-04,2024-07-29,12,32.14,385.68,STARTER,expired
SUB-000719,CUST-00069,2022-02-11,2023-02-06,12,144.27,1731.24,ENTERPRISE,expired
SUB-000720,CUST-00078,2024-08-07,2024-09-06,1,266.6,3199.2,STARTER,expired
SUB-000721,CUST-00019,2025-05-10,2028-04-24,36,130.72,1568.64,STARTER,active
SUB-000722,CUST-00066,2024-11-03,2025-10-29,12,210.66,2527.92,PRO,expired
SUB-000723,CUST-00298,2024-02-17,2024-03-18,1,85.38,1024.56,PRO,expired
SUB-000724,CUST-00171,2024-04-01,2025-03-27,12,105.1,1261.2,PRO,expired
SUB-000725,CUST-00020,2024-10-16,2026-10-06,24,256.66,3079.92,ENTERPRISE,active
SUB-000726,CUST-00133,2023-03-31,2024-03-25,12,55.59,667.08,STARTER,expired
SUB-000727,CUST-00146,2024-06-21,2025-06-16,12,777.5,9330.0,ENTERPRISE,expired
SUB-000728,CUST-00060,2022-09-24,2025-09-08,36,75.39,904.68,PRO,expired
SUB-000729,CUST-00209,2024-07-14,2024-08-13,1,99.09,1189.08,ENTERPRISE,expired
SUB-000730,CUST-00276,2024-10-27,2024-11-26,1,268.68,3224.16,PRO,expired
SUB-000731,CUST-00006,2022-07-17,2023-07-12,12,269.75,3237.0,PRO,expired
SUB-000732,CUST-00115,2023-10-09,2023-11-08,1,652.85,7834.2,PRO,expired
SUB-000733,CUST-00315,2025-11-23,2025-12-23,1,356.36,4276.32,STARTER,expired
SUB-000734,CUST-00260,2022-03-07,2022-04-06,1,580.61,6967.32,ENTERPRISE,expired
SUB-000735,CUST-00244,2022-03-23,2023-03-18,12,59.14,709.68,STARTER,expired
SUB-000736,CUST-00386,2022-03-24,2024-03-13,24,191.6,2299.2,PRO,expired
SUB-000737,CUST-00093,2023-10-01,2026-09-15,36,61.48,737.76,PRO,active
SUB-000738,CUST-00123,2025-01-22,2026-01-17,12,125.54,1506.48,STARTER,active
SUB-000739,CUST-00188,2024-01-25,2027-01-09,36,380.52,4566.24,PRO,active
SUB-000740,CUST-00183,2025-10-04,2028-09-18,36,895.25,10743.0,PRO,active
SUB-000741,CUST-00080,2023-12-30,2026-12-14,36,1616.38,19396.56,PRO,active
SUB-000742,CUST-00113,2023-05-05,2025-04-24,24,105.26,1263.12,PRO,expired
SUB-000743,CUST-00123,2025-11-23,2028-11-07,36,172.7,2072.4,STARTER,active
SUB-000744,CUST-00100,2022-05-19,2025-05-03,36,409.17,4910.04,STARTER,expired
SUB-000745,CUST-00003,2024-07-13,2025-07-08,12,128.3,1539.6,STARTER,expired
SUB-000746,CUST-00029,2024-09-16,2025-09-11,12,68.36,820.32,ENTERPRISE,expired
SUB-000747,CUST-00372,2025-05-29,2028-05-13,36,37.69,452.28,ENTERPRISE,active
SUB-000748,CUST-00258,2025-11-06,2028-10-21,36,122.44,1469.28,STARTER,active
SUB-000749,CUST-00292,2023-02-03,2023-03-05,1,583.42,7001.04,PRO,expired
SUB-000750,CUST-00062,2025-10-20,2025-11-19,1,43.9,526.8,STARTER,expired
SUB-000751,CUST-00334,2022-12-10,2024-11-29,24,139.53,1674.36,ENTERPRISE,expired
SUB-000752,CUST-00083,2025-03-28,2027-03-18,24,285.58,3426.96,STARTER,active
SUB-000753,CUST-00373,2024-03-22,2024-04-21,1,133.08,1596.96,ENTERPRISE,expired
SUB-000754,CUST-00029,2025-09-06,2025-10-06,1,1090.17,13082.04,ENTERPRISE,expired
SUB-000755,CUST-00211,2025-08-04,2028-07-19,36,108.55,1302.6,STARTER,active
SUB-000756,CUST-00210,2023-08-07,2026-07-22,36,183.5,2202.0,PRO,active
SUB-000757,CUST-00014,2024-02-07,2026-01-27,24,76.52,918.24,PRO,active
SUB-000758,CUST-00212,2024-05-26,2026-05-16,24,373.34,4480.08,PRO,active
SUB-000759,CUST-00050,2023-01-30,2025-01-19,24,137.73,1652.76,ENTERPRISE,expired
SUB-000760,CUST-00222,2024-06-27,2026-06-17,24,372.1,4465.2,STARTER,active
SUB-000761,CUST-00227,2022-10-25,2023-10-20,12,231.46,2777.52,ENTERPRISE,expired
SUB-000762,CUST-00345,2025-06-26,2025-07-26,1,249.84,2998.08,PRO,expired
SUB-000763,CUST-00232,2023-02-19,2025-02-08,24,814.82,9777.84,ENTERPRISE,expired
SUB-000764,CUST-00155,2025-04-08,2025-05-08,1,879.26,10551.12,STARTER,expired
SUB-000765,CUST-00027,2025-04-15,2025-05-15,1,640.39,7684.68,PRO,expired
SUB-000766,CUST-00318,2025-10-31,2025-11-30,1,192.39,2308.68,ENTERPRISE,expired
SUB-000767,CUST-00311,2024-01-09,2025-12-29,24,115.74,1388.88,ENTERPRISE,expired
SUB-000768,CUST-00215,2022-04-06,2023-04-01,12,82.25,987.0,PRO,expired
SUB-000769,CUST-00015,2025-06-09,2028-05-24,36,107.19,1286.28,STARTER,active
SUB-000770,CUST-00089,2023-09-22,2023-10-22,1,578.06,6936.72,STARTER,expired
SUB-000771,CUST-00357,2025-07-02,2028-06-16,36,171.12,2053.44,STARTER,active
SUB-000772,CUST-00244,2024-11-01,2026-10-22,24,1036.15,12433.8,ENTERPRISE,active
SUB-000773,CUST-00178,2022-12-15,2023-12-10,12,279.6,3355.2,ENTERPRISE,expired
SUB-000774,CUST-00020,2022-04-07,2025-03-22,36,1027.98,12335.76,ENTERPRISE,expired
SUB-000775,CUST-00108,2024-02-23,2026-02-12,24,13.83,165.96,ENTERPRISE,active
SUB-000776,CUST-00173,2022-10-28,2025-10-12,36,178.54,2142.48,STARTER,expired
SUB-000777,CUST-00213,2024-10-06,2025-10-01,12,59.9,718.8,ENTERPRISE,expired
SUB-000778,CUST-00397,2023-04-05,2024-03-30,12,403.76,4845.12,STARTER,expired
SUB-000779,CUST-00094,2023-10-21,2023-11-20,1,389.02,4668.24,PRO,expired
SUB-000780,CUST-00085,2022-08-29,2023-08-24,12,161.77,1941.24,STARTER,expired
SUB-000781,CUST-00047,2022-09-29,2023-09-24,12,195.42,2345.04,ENTERPRISE,expired
SUB-000782,CUST-00020,2022-02-15,2024-02-05,24,97.92,1175.04,STARTER,expired
SUB-000783,CUST-00307,2025-07-07,2025-08-06,1,31.99,383.88,PRO,expired
SUB-000784,CUST-00074,2025-06-16,2025-07-16,1,466.03,5592.36,ENTERPRISE,expired
SUB-000785,CUST-00382,2025-03-03,2028-02-16,36,472.93,5675.16,ENTERPRISE,active
SUB-000786,CUST-00121,2023-03-27,2024-03-21,12,40.34,484.08,STARTER,expired
SUB-000787,CUST-00229,2024-03-28,2027-03-13,36,470.12,5641.44,PRO,active
SUB-000788,CUST-00324,2023-06-20,2024-06-14,12,450.17,5402.04,ENTERPRISE,expired
SUB-000789,CUST-00227,2023-05-01,2023-05-31,1,311.46,3737.52,ENTERPRISE,expired
SUB-000790,CUST-00328,2024-11-08,2025-11-03,12,389.54,4674.48,STARTER,expired
SUB-000791,CUST-00162,2022-05-07,2023-05-02,12,463.58,5562.96,ENTERPRISE,expired
SUB-000792,CUST-00367,2025-08-08,2026-08-03,12,666.44,7997.28,ENTERPRISE,active
SUB-000793,CUST-00237,2024-11-13,2026-11-03,24,233.88,2806.56,PRO,active
SUB-000794,CUST-00213,2023-10-22,2024-10-16,12,71.51,858.12,PRO,expired
SUB-000795,CUST-00177,2023-11-25,2024-11-19,12,1138.54,13662.48,STARTER,expired
SUB-000796,CUST-00313,2022-08-22,2022-09-21,1,279.25,3351.0,PRO,expired
SUB-000797,CUST-00116,2022-05-14,2024-05-03,24,304.76,3657.12,PRO,expired
SUB-000798,CUST-00355,2023-01-19,2024-01-14,12,125.95,1511.4,PRO,expired
SUB-000799,CUST-00224,2022-09-27,2024-09-16,24,84.05,1008.6,PRO,expired
SUB-000800,CUST-00311,2022-06-18,2024-06-07,24,50.48,605.76,ENTERPRISE,expired
