invoice_id,customer_id,invoice_date,due_date,amount,paid_amount,balance,status,currency
INV-2025000001,CUST-00034,2025-10-08,2025-11-07,5617.07,5617.07,0.0,paid,USD
INV-2025000002,CUST-00062,2025-06-07,2025-06-22,256.92,256.85,0.07,open,USD
INV-2025000003,CUST-00004,2025-01-07,2025-01-22,1104.42,1104.42,0.0,paid,USD
INV-2025000004,CUST-00069,2025-07-20,2025-08-19,493.67,493.67,0.0,paid,USD
INV-2025000005,CUST-00043,2025-08-05,2025-10-04,1582.89,1582.89,0.0,paid,USD
INV-2025000006,CUST-00029,2025-09-18,2025-10-18,477.06,477.06,0.0,paid,USD
INV-2025000007,CUST-00024,2025-10-31,2025-12-30,1149.59,226.8,922.79,open,USD
INV-2025000008,CUST-00068,2025-06-08,2025-07-23,805.08,351.94,453.14,open,USD
INV-2025000009,CUST-00033,2025-12-09,2026-02-07,1116.79,1116.79,0.0,paid,USD
INV-2025000010,CUST-00026,2025-05-08,2025-05-23,731.26,731.26,0.0,paid,USD
INV-2025000011,CUST-00058,2025-06-18,2025-08-17,4284.6,4284.6,0.0,paid,USD
INV-2025000012,CUST-00022,2025-12-06,2026-02-04,142.29,8.51,133.78,open,USD
INV-2025000013,CUST-00034,2025-10-31,2025-11-15,2570.68,2570.68,0.0,paid,USD
INV-2025000014,CUST-00049,2025-10-01,2025-10-16,852.68,809.33,43.35,open,USD
INV-2025000015,CUST-00018,2025-11-06,2025-12-06,725.28,648.89,76.39,open,USD
INV-2025000016,CUST-00032,2025-11-24,2026-01-23,626.66,626.66,0.0,paid,USD
INV-2025000017,CUST-00060,2025-02-15,2025-04-01,906.15,493.03,413.12,open,USD
INV-2025000018,CUST-00027,2025-01-21,2025-03-22,15860.26,6986.06,8874.2,open,USD
INV-2025000019,CUST-00055,2025-02-24,2025-04-25,680.61,483.81,196.8,open,USD
INV-2025000020,CUST-00047,2025-05-13,2025-06-12,4804.11,193.8,4610.31,open,USD
INV-2025000021,CUST-00037,2025-04-28,2025-05-28,2557.1,2557.1,0.0,paid,USD
INV-2025000022,CUST-00063,2025-01-24,2025-03-10,168.01,88.84,79.17,open,USD
INV-2025000023,CUST-00052,2025-09-17,2025-10-02,376.62,376.62,0.0,paid,USD
INV-2025000024,CUST-00040,2025-02-07,2025-03-09,1421.46,469.03,952.43,open,USD
INV-2025000025,CUST-00028,2025-06-19,2025-07-19,647.57,647.57,0.0,paid,USD
INV-2025000026,CUST-00049,2025-03-08,2025-04-07,587.54,548.35,39.19,open,USD
INV-2025000027,CUST-00061,2025-04-21,2025-06-20,1736.6,1736.6,0.0,paid,USD
INV-2025000028,CUST-00048,2025-07-19,2025-09-02,1369.84,1369.84,0.0,paid,USD
INV-2025000029,CUST-00072,2025-04-25,2025-06-09,1089.02,1089.02,0.0,paid,USD
INV-2025000030,CUST-00040,2025-03-02,2025-04-16,386.13,386.13,0.0,paid,USD
INV-2025000031,CUST-00075,2025-10-01,2025-10-31,1361.98,1361.98,0.0,paid,USD
INV-2025000032,CUST-00034,2025-07-08,2025-08-22,220.74,220.74,0.0,paid,USD
INV-2025000033,CUST-00018,2025-11-18,2026-01-02,1649.32,1649.32,0.0,paid,USD
INV-2025000034,CUST-00004,2025-05-23,2025-07-22,841.13,822.75,18.38,open,USD
INV-2025000035,CUST-00073,2025-10-28,2025-11-27,2039.2,926.79,1112.41,open,USD
INV-2025000036,CUST-00073,2025-03-12,2025-04-26,359.58,338.57,21.01,open,USD
INV-2025000037,CUST-00040,2025-10-26,2025-11-25,1272.01,1272.01,0.0,paid,USD
INV-2025000038,CUST-00037,2025-01-15,2025-03-01,1348.93,1348.93,0.0,paid,USD
INV-2025000039,CUST-00029,2025-10-27,2025-12-11,1997.2,1997.2,0.0,paid,USD
INV-2025000040,CUST-00077,2025-06-23,2025-08-22,7393.79,5912.02,1481.77,open,USD
INV-2025000041,CUST-00039,2025-07-11,2025-09-09,4154.96,4154.96,0.0,paid,USD
INV-2025000042,CUST-00046,2025-09-22,2025-10-07,813.49,813.49,0.0,paid,USD
INV-2025000043,CUST-00074,2025-10-23,2025-12-07,1246.12,138.32,1107.8,open,USD
INV-2025000044,CUST-00016,2025-08-21,2025-09-20,389.45,389.45,0.0,paid,USD
INV-2025000045,CUST-00067,2025-03-09,2025-03-24,804.4,804.4,0.0,paid,USD
INV-2025000046,CUST-00038,2025-09-08,2025-09-23,690.59,139.65,550.94,open,USD
INV-2025000047,CUST-00067,2025-09-05,2025-11-04,762.6,185.86,576.74,open,USD
INV-2025000048,CUST-00053,2025-11-12,2025-12-12,4607.14,757.3,3849.84,open,USD
INV-2025000049,CUST-00058,2025-09-22,2025-10-07,21114.37,21114.37,0.0,paid,USD
INV-2025000050,CUST-00054,2025-05-01,2025-06-30,380.01,380.01,0.0,paid,USD
INV-2025000051,CUST-00071,2025-11-04,2026-01-03,2022.56,73.3,1949.26,open,USD
INV-2025000052,CUST-00004,2025-01-10,2025-02-09,3895.37,3895.37,0.0,paid,USD
INV-2025000053,CUST-00041,2025-05-16,2025-07-15,971.82,971.82,0.0,paid,USD
INV-2025000054,CUST-00079,2025-03-28,2025-05-27,1185.06,238.47,946.59,open,USD
INV-2025000055,CUST-00007,2025-10-31,2025-12-15,12618.91,12618.91,0.0,paid,USD
INV-2025000056,CUST-00008,2025-07-15,2025-08-14,516.2,516.2,0.0,paid,USD
INV-2025000057,CUST-00014,2025-03-19,2025-05-03,521.25,521.25,0.0,paid,USD
INV-2025000058,CUST-00079,2025-05-19,2025-07-03,268.93,230.76,38.17,open,USD
INV-2025000059,CUST-00050,2025-12-04,2026-01-18,631.86,631.86,0.0,paid,USD
INV-2025000060,CUST-00075,2025-06-07,2025-07-07,3236.12,3236.12,0.0,paid,USD
INV-2025000061,CUST-00069,2025-05-04,2025-06-18,656.6,656.6,0.0,paid,USD
INV-2025000062,CUST-00046,2025-05-23,2025-06-07,1915.17,1728.12,187.05,open,USD
INV-2025000063,CUST-00043,2025-02-15,2025-04-01,806.8,806.8,0.0,paid,USD
INV-2025000064,CUST-00076,2025-06-18,2025-07-03,1063.27,782.65,280.62,open,USD
INV-2025000065,CUST-00038,2025-06-10,2025-07-25,5252.03,5252.03,0.0,paid,USD
INV-2025000066,CUST-00030,2025-02-18,2025-03-05,6766.11,6766.11,0.0,paid,USD
INV-2025000067,CUST-00069,2025-07-08,2025-08-07,773.04,773.04,0.0,paid,USD
INV-2025000068,CUST-00022,2025-11-23,2025-12-08,9911.06,8754.04,1157.02,open,USD
INV-2025000069,CUST-00059,2025-02-20,2025-03-22,599.63,599.63,0.0,paid,USD
INV-2025000070,CUST-00011,2025-06-25,2025-08-09,5862.08,5862.08,0.0,paid,USD
INV-2025000071,CUST-00004,2025-01-01,2025-01-16,585.49,585.49,0.0,paid,USD
INV-2025000072,CUST-00052,2025-03-17,2025-04-01,1661.76,1661.76,0.0,paid,USD
INV-2025000073,CUST-00069,2025-07-30,2025-08-14,1691.78,0.14,1691.64,open,USD
INV-2025000074,CUST-00024,2025-12-31,2026-02-14,1656.62,1199.27,457.35,open,USD
INV-2025000075,CUST-00040,2025-09-26,2025-10-26,3890.51,1264.15,2626.36,open,USD
INV-2025000076,CUST-00058,2025-05-02,2025-05-17,4884.11,4884.11,0.0,paid,USD
INV-2025000077,CUST-00044,2025-09-23,2025-10-08,2178.94,2178.94,0.0,paid,USD
INV-2025000078,CUST-00040,2025-10-29,2025-12-13,785.17,785.17,0.0,paid,USD
INV-2025000079,CUST-00045,2025-10-22,2025-11-21,289.37,251.39,37.98,open,USD
INV-2025000080,CUST-00013,2025-10-16,2025-11-30,1112.2,1112.2,0.0,paid,USD
INV-2025000081,CUST-00045,2025-06-21,2025-08-20,824.01,768.43,55.58,open,USD
INV-2025000082,CUST-00080,2025-10-12,2025-11-11,1442.79,1442.79,0.0,paid,USD
INV-2025000083,CUST-00069,2025-05-06,2025-06-05,361.6,361.6,0.0,paid,USD
INV-2025000084,CUST-00019,2025-05-10,2025-06-09,11672.32,11672.32,0.0,paid,USD
INV-2025000085,CUST-00027,2025-11-03,2025-11-18,2491.68,2491.68,0.0,paid,USD
INV-2025000086,CUST-00023,2025-10-14,2025-11-13,948.68,948.68,0.0,paid,USD
INV-2025000087,CUST-00009,2025-02-08,2025-03-25,1122.96,1122.96,0.0,paid,USD
INV-2025000088,CUST-00034,2025-04-09,2025-05-24,1371.89,1371.89,0.0,paid,USD
INV-2025000089,CUST-00064,2025-09-02,2025-10-02,1008.91,1008.91,0.0,paid,USD
INV-2025000090,CUST-00075,2025-01-05,2025-02-19,987.71,987.71,0.0,paid,USD
INV-2025000091,CUST-00046,2025-09-08,2025-10-08,105.25,105.25,0.0,paid,USD
INV-2025000092,CUST-00020,2025-01-26,2025-02-10,8195.86,8195.86,0.0,paid,USD
INV-2025000093,CUST-00054,2025-09-25,2025-11-24,611.33,611.33,0.0,paid,USD
INV-2025000094,CUST-00034,2025-02-28,2025-03-15,737.59,498.34,239.25,open,USD
INV-2025000095,CUST-00003,2025-10-02,2025-11-01,2046.32,2046.32,0.0,paid,USD
INV-2025000096,CUST-00009,2025-10-19,2025-11-18,1215.24,1215.24,0.0,paid,USD
INV-2025000097,CUST-00030,2025-05-17,2025-07-01,5551.95,30.61,5521.34,open,USD
INV-2025000098,CUST-00055,2025-11-26,2025-12-26,459.52,459.52,0.0,paid,USD
INV-2025000099,CUST-00048,2025-02-26,2025-04-27,504.5,504.5,0.0,paid,USD
INV-2025000100,CUST-00011,2025-11-09,2025-11-24,220.5,220.5,0.0,paid,USD
INV-2025000101,CUST-00035,2025-11-01,2025-12-16,494.06,494.06,0.0,paid,USD
INV-2025000102,CUST-00003,2025-01-29,2025-03-30,384.19,384.19,0.0,paid,USD
INV-2025000103,CUST-00041,2025-06-25,2025-08-24,475.25,475.25,0.0,paid,USD
INV-2025000104,CUST-00033,2025-08-02,2025-08-17,2873.23,2873.23,0.0,paid,USD
INV-2025000105,CUST-00065,2025-11-17,2026-01-01,2181.21,2181.21,0.0,paid,USD
INV-2025000106,CUST-00077,2025-02-15,2025-03-02,294.89,294.89,0.0,paid,USD
INV-2025000107,CUST-00014,2025-07-21,2025-09-04,1326.85,1326.85,0.0,paid,USD
INV-2025000108,CUST-00030,2025-10-02,2025-11-16,735.53,735.53,0.0,paid,USD
INV-2025000109,CUST-00012,2025-07-22,2025-08-06,417.73,417.73,0.0,paid,USD
INV-2025000110,CUST-00040,2025-12-14,2026-01-13,881.55,351.34,530.21,open,USD
INV-2025000111,CUST-00067,2025-10-13,2025-12-12,1424.11,1424.11,0.0,paid,USD
INV-2025000112,CUST-00038,2025-05-30,2025-07-29,67.58,43.78,23.8,open,USD
INV-2025000113,CUST-00080,2025-12-10,2026-01-09,956.57,538.28,418.29,open,USD
INV-2025000114,CUST-00015,2025-01-25,2025-02-09,9453.61,5119.63,4333.98,open,USD
INV-2025000115,CUST-00014,2025-02-12,2025-02-27,1908.68,1908.68,0.0,paid,USD
INV-2025000116,CUST-00033,2025-03-13,2025-05-12,1925.11,1132.35,792.76,open,USD
INV-2025000117,CUST-00048,2025-05-20,2025-06-04,559.28,19.69,539.59,open,USD
INV-2025000118,CUST-00042,2025-01-25,2025-03-26,284.29,284.29,0.0,paid,USD
INV-2025000119,CUST-00022,2025-05-12,2025-05-27,347.81,347.81,0.0,paid,USD
INV-2025000120,CUST-00055,2025-02-10,2025-04-11,1107.42,898.98,208.44,open,USD
INV-2025000121,CUST-00048,2025-12-06,2026-02-04,363.02,363.02,0.0,paid,USD
INV-2025000122,CUST-00032,2025-05-10,2025-06-24,1958.34,1958.34,0.0,paid,USD
INV-2025000123,CUST-00035,2025-01-09,2025-02-23,522.8,522.8,0.0,paid,USD
INV-2025000124,CUST-00062,2025-11-27,2026-01-26,409.65,309.59,100.06,open,USD
INV-2025000125,CUST-00057,2025-04-16,2025-05-31,1069.37,1069.37,0.0,paid,USD
INV-2025000126,CUST-00036,2025-11-09,2026-01-08,4451.06,3924.84,526.22,open,USD
INV-2025000127,CUST-00058,2025-03-18,2025-04-02,2432.83,150.7,2282.13,open,USD
INV-2025000128,CUST-00033,2025-09-29,2025-11-13,3637.93,3145.8,492.13,open,USD
INV-2025000129,CUST-00057,2025-07-17,2025-08-01,461.49,461.49,0.0,paid,USD
INV-2025000130,CUST-00047,2025-09-09,2025-10-24,104.24,104.11,0.13,open,USD
INV-2025000131,CUST-00037,2025-09-11,2025-11-10,710.02,710.02,0.0,paid,USD
INV-2025000132,CUST-00027,2025-12-05,2026-01-04,464.5,68.53,395.97,open,USD
INV-2025000133,CUST-00065,2025-09-20,2025-10-05,4974.73,1411.94,3562.79,open,USD
INV-2025000134,CUST-00061,2025-05-26,2025-07-25,690.41,690.41,0.0,paid,USD
INV-2025000135,CUST-00078,2025-12-03,2026-02-01,687.78,687.78,0.0,paid,USD
INV-2025000136,CUST-00059,2025-11-02,2026-01-01,2341.57,1760.34,581.23,open,USD
INV-2025000137,CUST-00009,2025-10-10,2025-12-09,849.85,849.85,0.0,paid,USD
INV-2025000138,CUST-00017,2025-03-13,2025-04-27,2111.44,2111.44,0.0,paid,USD
INV-2025000139,CUST-00045,2025-08-08,2025-09-07,945.79,945.79,0.0,paid,USD
INV-2025000140,CUST-00019,2025-07-15,2025-07-30,1748.81,1748.81,0.0,paid,USD
INV-2025000141,CUST-00061,2025-03-12,2025-03-27,307.18,238.2,68.98,open,USD
INV-2025000142,CUST-00006,2025-02-12,2025-03-29,1122.79,2.36,1120.43,open,USD
INV-2025000143,CUST-00061,2025-01-06,2025-01-21,1259.34,1259.34,0.0,paid,USD
INV-2025000144,CUST-00031,2025-07-10,2025-08-24,1565.09,1565.09,0.0,paid,USD
INV-2025000145,CUST-00024,2025-02-04,2025-03-21,388.58,212.43,176.15,open,USD
INV-2025000146,CUST-00008,2025-01-14,2025-03-15,264.46,17.02,247.44,open,USD
INV-2025000147,CUST-00049,2025-07-18,2025-08-17,481.38,481.38,0.0,paid,USD
INV-2025000148,CUST-00053,2025-06-23,2025-07-23,99.01,99.01,0.0,paid,USD
INV-2025000149,CUST-00003,2025-06-20,2025-07-20,3949.98,3949.98,0.0,paid,USD
INV-2025000150,CUST-00032,2025-09-12,2025-09-27,513.49,513.49,0.0,paid,USD
INV-2025000151,CUST-00042,2025-10-19,2025-11-18,481.89,481.89,0.0,paid,USD
INV-2025000152,CUST-00033,2025-09-18,2025-10-03,1374.78,1374.78,0.0,paid,USD
INV-2025000153,CUST-00047,2025-10-06,2025-11-05,386.86,386.86,0.0,paid,USD
INV-2025000154,CUST-00063,2025-05-05,2025-05-20,3969.37,3969.37,0.0,paid,USD
INV-2025000155,CUST-00058,2025-07-13,2025-08-12,1241.4,986.82,254.58,open,USD
INV-2025000156,CUST-00076,2025-06-28,2025-08-12,586.33,586.33,0.0,paid,USD
INV-2025000157,CUST-00023,2025-05-20,2025-07-19,2543.99,2543.99,0.0,paid,USD
INV-2025000158,CUST-00052,2025-07-13,2025-08-27,1108.91,1108.91,0.0,paid,USD
INV-2025000159,CUST-00064,2025-11-11,2026-01-10,1993.44,1905.57,87.87,open,USD
INV-2025000160,CUST-00033,2025-09-10,2025-11-09,795.82,795.82,0.0,paid,USD
INV-2025000161,CUST-00018,2025-10-08,2025-12-07,4534.45,3998.6,535.85,open,USD
INV-2025000162,CUST-00007,2025-01-21,2025-03-22,1417.83,168.28,1249.55,open,USD
INV-2025000163,CUST-00063,2025-03-30,2025-05-29,355.32,355.32,0.0,paid,USD
INV-2025000164,CUST-00065,2025-05-19,2025-06-03,4093.07,424.3,3668.77,open,USD
INV-2025000165,CUST-00028,2025-11-15,2025-11-30,423.08,423.08,0.0,paid,USD
INV-2025000166,CUST-00010,2025-06-09,2025-08-08,605.6,605.6,0.0,paid,USD
INV-2025000167,CUST-00044,2025-10-04,2025-11-03,361.67,55.46,306.21,open,USD
INV-2025000168,CUST-00029,2025-02-04,2025-04-05,3792.07,3792.07,0.0,paid,USD
INV-2025000169,CUST-00067,2025-04-30,2025-06-29,1697.19,1697.19,0.0,paid,USD
INV-2025000170,CUST-00028,2025-01-06,2025-03-07,2733.15,472.68,2260.47,open,USD
INV-2025000171,CUST-00043,2025-12-13,2026-01-12,468.18,468.18,0.0,paid,USD
INV-2025000172,CUST-00005,2025-04-26,2025-05-11,919.93,812.62,107.31,open,USD
INV-2025000173,CUST-00030,2025-08-30,2025-10-14,839.32,839.32,0.0,paid,USD
INV-2025000174,CUST-00033,2025-10-16,2025-11-30,411.49,411.49,0.0,paid,USD
INV-2025000175,CUST-00051,2025-08-29,2025-10-13,146.79,146.79,0.0,paid,USD
INV-2025000176,CUST-00029,2025-09-26,2025-10-11,4430.06,4430.06,0.0,paid,USD
INV-2025000177,CUST-00031,2025-09-15,2025-09-30,455.23,299.4,155.83,open,USD
INV-2025000178,CUST-00029,2025-07-07,2025-08-06,675.76,59.32,616.44,open,USD
INV-2025000179,CUST-00043,2025-01-18,2025-03-19,854.33,837.48,16.85,open,USD
INV-2025000180,CUST-00012,2025-07-28,2025-08-12,5468.75,5468.75,0.0,paid,USD
INV-2025000181,CUST-00020,2025-03-05,2025-04-19,540.62,540.62,0.0,paid,USD
INV-2025000182,CUST-00009,2025-06-13,2025-07-13,1010.96,720.58,290.38,open,USD
INV-2025000183,CUST-00004,2025-02-10,2025-03-12,1622.25,435.94,1186.31,open,USD
INV-2025000184,CUST-00066,2025-10-13,2025-10-28,4481.74,4481.74,0.0,paid,USD
INV-2025000185,CUST-00050,2025-07-04,2025-08-18,3392.95,3286.2,106.75,open,USD
INV-2025000186,CUST-00068,2025-05-21,2025-06-20,952.03,952.03,0.0,paid,USD
INV-2025000187,CUST-00033,2025-08-16,2025-09-30,797.86,750.06,47.8,open,USD
INV-2025000188,CUST-00019,2025-02-03,2025-03-20,481.87,24.02,457.85,open,USD
INV-2025000189,CUST-00027,2025-02-09,2025-02-24,1247.34,904.81,342.53,open,USD
INV-2025000190,CUST-00046,2025-11-13,2025-11-28,1510.05,1510.05,0.0,paid,USD
INV-2025000191,CUST-00077,2025-01-06,2025-01-21,1957.94,1957.94,0.0,paid,USD
INV-2025000192,CUST-00041,2025-01-20,2025-02-04,466.6,466.6,0.0,paid,USD
INV-2025000193,CUST-00049,2025-02-25,2025-03-12,944.84,944.84,0.0,paid,USD
INV-2025000194,CUST-00013,2025-09-20,2025-10-20,353.86,353.86,0.0,paid,USD
INV-2025000195,CUST-00023,2025-06-27,2025-08-11,8236.38,5045.16,3191.22,open,USD
INV-2025000196,CUST-00065,2025-12-27,2026-02-10,937.6,496.01,441.59,open,USD
INV-2025000197,CUST-00024,2025-05-08,2025-06-07,612.97,612.97,0.0,paid,USD
INV-2025000198,CUST-00030,2025-12-13,2025-12-28,333.85,333.85,0.0,paid,USD
INV-2025000199,CUST-00079,2025-01-22,2025-03-08,236.12,208.87,27.25,open,USD
INV-2025000200,CUST-00012,2025-05-22,2025-07-06,296.09,296.09,0.0,paid,USD
INV-2025000201,CUST-00036,2025-06-11,2025-08-10,2621.94,2621.94,0.0,paid,USD
INV-2025000202,CUST-00009,2025-09-22,2025-11-21,862.02,862.02,0.0,paid,USD
INV-2025000203,CUST-00036,2025-12-08,2025-12-23,726.93,726.93,0.0,paid,USD
INV-2025000204,CUST-00017,2025-06-18,2025-08-17,708.06,238.81,469.25,open,USD
INV-2025000205,CUST-00040,2025-10-04,2025-12-03,1127.81,472.0,655.81,open,USD
INV-2025000206,CUST-00076,2025-05-16,2025-06-15,234.58,234.58,0.0,paid,USD
INV-2025000207,CUST-00056,2025-08-30,2025-10-29,2519.77,2519.77,0.0,paid,USD
INV-2025000208,CUST-00040,2025-01-15,2025-03-01,5647.92,5647.92,0.0,paid,USD
INV-2025000209,CUST-00011,2025-03-12,2025-04-26,4292.13,253.08,4039.05,open,USD
INV-2025000210,CUST-00021,2025-07-08,2025-09-06,6278.26,6278.26,0.0,paid,USD
INV-2025000211,CUST-00062,2025-09-30,2025-11-29,2172.3,2172.3,0.0,paid,USD
INV-2025000212,CUST-00006,2025-07-11,2025-08-25,132.97,33.72,99.25,open,USD
INV-2025000213,CUST-00062,2025-10-24,2025-11-08,946.67,31.12,915.55,open,USD
INV-2025000214,CUST-00048,2025-04-22,2025-05-22,406.82,406.82,0.0,paid,USD
INV-2025000215,CUST-00046,2025-08-09,2025-09-23,2265.21,1874.75,390.46,open,USD
INV-2025000216,CUST-00008,2025-03-12,2025-04-11,210.44,210.44,0.0,paid,USD
INV-2025000217,CUST-00009,2025-01-06,2025-01-21,307.23,307.23,0.0,paid,USD
INV-2025000218,CUST-00007,2025-10-17,2025-12-16,209.46,209.46,0.0,paid,USD
INV-2025000219,CUST-00005,2025-12-07,2025-12-22,3932.95,1713.03,2219.92,open,USD
INV-2025000220,CUST-00021,2025-02-27,2025-03-29,4687.3,3163.57,1523.73,open,USD
INV-2025000221,CUST-00055,2025-01-19,2025-03-05,875.89,875.89,0.0,paid,USD
INV-2025000222,CUST-00004,2025-03-17,2025-04-01,3839.75,3839.75,0.0,paid,USD
INV-2025000223,CUST-00004,2025-02-28,2025-04-29,2988.02,2988.02,0.0,paid,USD
INV-2025000224,CUST-00012,2025-08-09,2025-09-23,223.14,23.76,199.38,open,USD
INV-2025000225,CUST-00072,2025-06-08,2025-07-08,1418.94,1222.99,195.95,open,USD
INV-2025000226,CUST-00061,2025-06-07,2025-07-22,1164.67,1164.67,0.0,paid,USD
INV-2025000227,CUST-00001,2025-04-01,2025-05-01,643.29,421.34,221.95,open,USD
INV-2025000228,CUST-00009,2025-12-28,2026-02-11,3845.74,3845.74,0.0,paid,USD
INV-2025000229,CUST-00070,2025-03-05,2025-03-20,604.64,604.64,0.0,paid,USD
INV-2025000230,CUST-00071,2025-01-25,2025-02-24,3199.25,510.32,2688.93,open,USD
INV-2025000231,CUST-00010,2025-05-13,2025-07-12,257.19,107.36,149.83,open,USD
INV-2025000232,CUST-00066,2025-05-08,2025-07-07,424.86,424.86,0.0,paid,USD
INV-2025000233,CUST-00002,2025-10-07,2025-11-21,831.1,831.1,0.0,paid,USD
INV-2025000234,CUST-00053,2025-11-19,2026-01-03,1025.73,437.71,588.02,open,USD
INV-2025000235,CUST-00040,2025-12-24,2026-01-23,2120.75,222.56,1898.19,open,USD
INV-2025000236,CUST-00016,2025-10-15,2025-10-30,151.77,94.86,56.91,open,USD
INV-2025000237,CUST-00031,2025-09-03,2025-10-18,1386.04,1224.54,161.5,open,USD
INV-2025000238,CUST-00012,2025-12-27,2026-01-11,5850.45,2373.9,3476.55,open,USD
INV-2025000239,CUST-00019,2025-12-25,2026-02-08,1137.48,432.29,705.19,open,USD
INV-2025000240,CUST-00017,2025-11-29,2026-01-13,260.63,260.63,0.0,paid,USD
INV-2025000241,CUST-00039,2025-08-26,2025-10-25,439.04,238.87,200.17,open,USD
INV-2025000242,CUST-00066,2025-07-12,2025-07-27,284.91,284.91,0.0,paid,USD
INV-2025000243,CUST-00053,2025-12-14,2026-01-13,1318.87,741.82,577.05,open,USD
INV-2025000244,CUST-00064,2025-10-21,2025-11-05,3116.88,3116.88,0.0,paid,USD
INV-2025000245,CUST-00074,2025-11-08,2026-01-07,579.44,478.45,100.99,open,USD
INV-2025000246,CUST-00033,2025-03-27,2025-05-26,1504.61,1504.61,0.0,paid,USD
INV-2025000247,CUST-00020,2025-08-04,2025-09-18,5170.69,5170.69,0.0,paid,USD
INV-2025000248,CUST-00062,2025-04-11,2025-04-26,2938.86,1462.93,1475.93,open,USD
INV-2025000249,CUST-00017,2025-04-18,2025-05-18,647.87,647.87,0.0,paid,USD
INV-2025000250,CUST-00080,2025-05-22,2025-06-06,3044.68,1126.65,1918.03,open,USD
INV-2025000251,CUST-00010,2025-05-15,2025-07-14,6561.0,1178.79,5382.21,open,USD
INV-2025000252,CUST-00075,2025-10-13,2025-12-12,1537.39,1537.39,0.0,paid,USD
INV-2025000253,CUST-00057,2025-07-14,2025-08-13,1451.64,1451.64,0.0,paid,USD
INV-2025000254,CUST-00017,2025-08-27,2025-10-26,633.47,633.47,0.0,paid,USD
INV-2025000255,CUST-00020,2025-12-29,2026-01-28,767.93,739.39,28.54,open,USD
INV-2025000256,CUST-00044,2025-01-14,2025-01-29,1210.06,381.06,829.0,open,USD
INV-2025000257,CUST-00044,2025-02-21,2025-04-22,1204.78,23.68,1181.1,open,USD
INV-2025000258,CUST-00053,2025-05-20,2025-06-04,261.93,187.37,74.56,open,USD
INV-2025000259,CUST-00055,2025-07-10,2025-08-09,724.14,724.14,0.0,paid,USD
INV-2025000260,CUST-00047,2025-09-24,2025-11-08,2325.02,2325.02,0.0,paid,USD
INV-2025000261,CUST-00029,2025-08-25,2025-10-24,209.16,209.16,0.0,paid,USD
INV-2025000262,CUST-00054,2025-03-19,2025-04-18,460.55,460.55,0.0,paid,USD
INV-2025000263,CUST-00053,2025-05-03,2025-06-17,695.44,500.51,194.93,open,USD
INV-2025000264,CUST-00030,2025-09-25,2025-11-09,1331.76,1331.76,0.0,paid,USD
INV-2025000265,CUST-00071,2025-05-15,2025-06-14,1425.21,1425.21,0.0,paid,USD
INV-2025000266,CUST-00057,2025-01-19,2025-02-18,2913.32,2913.32,0.0,paid,USD
INV-2025000267,CUST-00023,2025-11-23,2025-12-08,383.49,383.49,0.0,paid,USD
INV-2025000268,CUST-00046,2025-01-28,2025-03-14,1050.19,1013.61,36.58,open,USD
INV-2025000269,CUST-00045,2025-12-28,2026-02-26,1784.85,1784.85,0.0,paid,USD
INV-2025000270,CUST-00072,2025-07-17,2025-08-01,3867.06,3867.06,0.0,paid,USD
INV-2025000271,CUST-00012,2025-07-15,2025-07-30,1470.05,1016.98,453.07,open,USD
INV-2025000272,CUST-00032,2025-07-10,2025-08-09,1733.54,1733.54,0.0,paid,USD
INV-2025000273,CUST-00073,2025-08-08,2025-10-07,393.74,393.74,0.0,paid,USD
INV-2025000274,CUST-00072,2025-02-07,2025-03-24,1555.36,1555.36,0.0,paid,USD
INV-2025000275,CUST-00009,2025-09-19,2025-11-18,667.97,638.96,29.01,open,USD
INV-2025000276,CUST-00021,2025-12-19,2026-02-17,1002.7,106.88,895.82,open,USD
INV-2025000277,CUST-00052,2025-05-24,2025-07-08,586.08,586.08,0.0,paid,USD
INV-2025000278,CUST-00028,2025-06-20,2025-08-19,2525.59,2525.59,0.0,paid,USD
INV-2025000279,CUST-00022,2025-10-06,2025-11-20,325.8,325.8,0.0,paid,USD
INV-2025000280,CUST-00037,2025-03-31,2025-04-15,7963.49,7963.49,0.0,paid,USD
INV-2025000281,CUST-00071,2025-11-06,2025-11-21,7289.89,5449.33,1840.56,open,USD
INV-2025000282,CUST-00052,2025-07-09,2025-08-23,1060.54,1060.54,0.0,paid,USD
INV-2025000283,CUST-00060,2025-02-06,2025-02-21,192.92,14.1,178.82,open,USD
INV-2025000284,CUST-00080,2025-11-12,2026-01-11,4341.55,3735.31,606.24,open,USD
INV-2025000285,CUST-00019,2025-06-19,2025-08-03,1893.59,1893.59,0.0,paid,USD
INV-2025000286,CUST-00065,2025-04-28,2025-06-27,1636.81,1636.81,0.0,paid,USD
INV-2025000287,CUST-00050,2025-06-19,2025-08-18,152.56,152.56,0.0,paid,USD
INV-2025000288,CUST-00026,2025-01-27,2025-03-13,662.9,662.9,0.0,paid,USD
INV-2025000289,CUST-00018,2025-08-18,2025-10-02,3451.75,3451.75,0.0,paid,USD
INV-2025000290,CUST-00066,2025-09-12,2025-11-11,1828.29,1828.29,0.0,paid,USD
INV-2025000291,CUST-00005,2025-01-08,2025-01-23,1487.56,1487.56,0.0,paid,USD
INV-2025000292,CUST-00056,2025-12-01,2026-01-30,394.53,169.69,224.84,open,USD
INV-2025000293,CUST-00058,2025-10-26,2025-12-10,3552.23,3552.23,0.0,paid,USD
INV-2025000294,CUST-00007,2025-10-23,2025-12-22,1153.81,1153.81,0.0,paid,USD
INV-2025000295,CUST-00043,2025-09-18,2025-10-18,1613.82,1613.82,0.0,paid,USD
INV-2025000296,CUST-00071,2025-06-08,2025-07-08,729.09,729.09,0.0,paid,USD
INV-2025000297,CUST-00045,2025-05-11,2025-06-25,1207.03,1207.03,0.0,paid,USD
INV-2025000298,CUST-00022,2025-03-11,2025-04-25,2753.2,681.38,2071.82,open,USD
INV-2025000299,CUST-00053,2025-01-06,2025-01-21,319.49,314.26,5.23,open,USD
INV-2025000300,CUST-00061,2025-02-13,2025-04-14,440.65,180.77,259.88,open,USD
INV-2025000301,CUST-00011,2025-04-29,2025-05-14,290.69,210.82,79.87,open,USD
INV-2025000302,CUST-00061,2025-03-05,2025-05-04,168.49,168.49,0.0,paid,USD
INV-2025000303,CUST-00048,2025-11-01,2025-12-01,1690.0,1690.0,0.0,paid,USD
INV-2025000304,CUST-00021,2025-12-27,2026-02-10,833.82,833.82,0.0,paid,USD
INV-2025000305,CUST-00043,2025-05-29,2025-06-28,435.67,231.17,204.5,open,USD
INV-2025000306,CUST-00042,2025-12-11,2026-01-10,946.38,830.02,116.36,open,USD
INV-2025000307,CUST-00037,2025-08-29,2025-09-13,1425.81,342.86,1082.95,open,USD
INV-2025000308,CUST-00025,2025-02-18,2025-04-19,714.38,714.38,0.0,paid,USD
INV-2025000309,CUST-00031,2025-07-08,2025-09-06,1706.25,1706.25,0.0,paid,USD
INV-2025000310,CUST-00049,2025-08-11,2025-09-10,782.74,719.48,63.26,open,USD
INV-2025000311,CUST-00070,2025-06-22,2025-07-22,665.91,665.91,0.0,paid,USD
INV-2025000312,CUST-00066,2025-07-07,2025-08-06,563.79,563.79,0.0,paid,USD
INV-2025000313,CUST-00057,2025-12-21,2026-02-04,681.41,681.41,0.0,paid,USD
INV-2025000314,CUST-00076,2025-07-21,2025-09-04,528.31,528.31,0.0,paid,USD
INV-2025000315,CUST-00002,2025-04-30,2025-06-14,4579.23,4579.23,0.0,paid,USD
INV-2025000316,CUST-00014,2025-03-08,2025-04-07,5324.29,5324.29,0.0,paid,USD
INV-2025000317,CUST-00020,2025-02-04,2025-04-05,715.09,715.09,0.0,paid,USD
INV-2025000318,CUST-00031,2025-08-29,2025-09-13,1675.95,1675.95,0.0,paid,USD
INV-2025000319,CUST-00055,2025-03-24,2025-05-23,2854.93,587.59,2267.34,open,USD
INV-2025000320,CUST-00031,2025-01-13,2025-02-12,1703.16,1703.16,0.0,paid,USD
INV-2025000321,CUST-00032,2025-12-16,2026-01-15,264.05,264.05,0.0,paid,USD
INV-2025000322,CUST-00040,2025-01-20,2025-03-21,110.0,24.73,85.27,open,USD
INV-2025000323,CUST-00004,2025-10-29,2025-12-28,6558.67,1026.68,5531.99,open,USD
INV-2025000324,CUST-00076,2025-06-26,2025-08-25,454.83,454.83,0.0,paid,USD
INV-2025000325,CUST-00031,2025-05-29,2025-06-13,233.25,233.25,0.0,paid,USD
INV-2025000326,CUST-00028,2025-06-19,2025-08-18,2512.95,2512.95,0.0,paid,USD
INV-2025000327,CUST-00023,2025-08-01,2025-08-31,1130.37,1060.2,70.17,open,USD
INV-2025000328,CUST-00023,2025-03-08,2025-05-07,1990.03,1990.03,0.0,paid,USD
INV-2025000329,CUST-00006,2025-03-14,2025-04-13,76.33,73.94,2.39,open,USD
INV-2025000330,CUST-00021,2025-06-04,2025-07-04,4839.15,4334.27,504.88,open,USD
INV-2025000331,CUST-00015,2025-04-05,2025-06-04,1023.13,284.84,738.29,open,USD
INV-2025000332,CUST-00049,2025-01-17,2025-02-16,1011.45,1011.45,0.0,paid,USD
INV-2025000333,CUST-00025,2025-03-16,2025-04-15,2975.12,2474.06,501.06,open,USD
INV-2025000334,CUST-00048,2025-10-27,2025-12-11,1198.03,251.43,946.6,open,USD
INV-2025000335,CUST-00017,2025-12-29,2026-01-28,947.86,947.86,0.0,paid,USD
INV-2025000336,CUST-00001,2025-12-05,2025-12-20,663.32,663.32,0.0,paid,USD
INV-2025000337,CUST-00005,2025-08-21,2025-09-20,1329.82,1329.82,0.0,paid,USD
INV-2025000338,CUST-00039,2025-05-25,2025-07-09,545.37,545.37,0.0,paid,USD
INV-2025000339,CUST-00033,2025-01-25,2025-03-11,97.52,70.41,27.11,open,USD
INV-2025000340,CUST-00068,2025-04-08,2025-06-07,941.53,753.09,188.44,open,USD
INV-2025000341,CUST-00041,2025-07-31,2025-09-29,5923.7,3767.24,2156.46,open,USD
INV-2025000342,CUST-00044,2025-02-16,2025-03-03,634.74,634.74,0.0,paid,USD
INV-2025000343,CUST-00034,2025-08-18,2025-10-17,6137.96,6137.96,0.0,paid,USD
INV-2025000344,CUST-00021,2025-06-07,2025-08-06,196.67,196.67,0.0,paid,USD
INV-2025000345,CUST-00041,2025-08-23,2025-09-07,306.26,306.26,0.0,paid,USD
INV-2025000346,CUST-00063,2025-12-29,2026-02-27,3860.76,2352.35,1508.41,open,USD
INV-2025000347,CUST-00032,2025-02-07,2025-04-08,828.8,124.91,703.89,open,USD
INV-2025000348,CUST-00006,2025-05-30,2025-07-29,1308.59,1266.36,42.23,open,USD
INV-2025000349,CUST-00078,2025-09-12,2025-09-27,2935.62,1492.87,1442.75,open,USD
INV-2025000350,CUST-00070,2025-06-14,2025-07-14,452.79,452.79,0.0,paid,USD
INV-2025000351,CUST-00063,2025-12-04,2025-12-19,1200.41,1129.44,70.97,open,USD
INV-2025000352,CUST-00028,2025-09-20,2025-11-04,118.04,74.63,43.41,open,USD
INV-2025000353,CUST-00012,2025-09-22,2025-10-22,507.5,507.5,0.0,paid,USD
INV-2025000354,CUST-00027,2025-09-13,2025-10-28,110.79,110.79,0.0,paid,USD
INV-2025000355,CUST-00016,2025-09-30,2025-10-30,2171.45,1669.08,502.37,open,USD
INV-2025000356,CUST-00017,2025-09-02,2025-11-01,1262.87,1262.87,0.0,paid,USD
INV-2025000357,CUST-00068,2025-02-13,2025-04-14,1266.58,1266.58,0.0,paid,USD
INV-2025000358,CUST-00069,2025-07-24,2025-08-23,1075.15,1075.15,0.0,paid,USD
INV-2025000359,CUST-00010,2025-05-21,2025-07-20,1381.81,1107.52,274.29,open,USD
INV-2025000360,CUST-00036,2025-10-06,2025-11-20,2605.08,1210.8,1394.28,open,USD
INV-2025000361,CUST-00044,2025-08-30,2025-10-14,557.97,490.7,67.27,open,USD
INV-2025000362,CUST-00060,2025-11-10,2025-12-10,215.5,215.5,0.0,paid,USD
INV-2025000363,CUST-00036,2025-05-08,2025-06-22,1225.26,141.26,1084.0,open,USD
INV-2025000364,CUST-00069,2025-07-04,2025-09-02,1526.27,485.73,1040.54,open,USD
INV-2025000365,CUST-00006,2025-03-17,2025-04-16,1826.77,1826.77,0.0,paid,USD
INV-2025000366,CUST-00003,2025-12-21,2026-01-05,1066.72,1066.72,0.0,paid,USD
INV-2025000367,CUST-00044,2025-05-05,2025-06-04,2231.0,2231.0,0.0,paid,USD
INV-2025000368,CUST-00022,2025-08-30,2025-09-14,1365.2,530.97,834.23,open,USD
INV-2025000369,CUST-00019,2025-06-30,2025-07-30,1024.68,1024.68,0.0,paid,USD
INV-2025000370,CUST-00053,2025-08-20,2025-09-04,429.81,290.77,139.04,open,USD
INV-2025000371,CUST-00078,2025-11-13,2025-11-28,1656.24,532.61,1123.63,open,USD
INV-2025000372,CUST-00066,2025-11-12,2026-01-11,3555.91,3555.91,0.0,paid,USD
INV-2025000373,CUST-00031,2025-07-27,2025-08-11,793.64,793.64,0.0,paid,USD
INV-2025000374,CUST-00002,2025-12-23,2026-01-07,547.55,547.55,0.0,paid,USD
INV-2025000375,CUST-00052,2025-04-16,2025-05-16,207.93,207.93,0.0,paid,USD
INV-2025000376,CUST-00016,2025-10-25,2025-11-09,248.58,248.58,0.0,paid,USD
INV-2025000377,CUST-00054,2025-03-30,2025-05-14,894.22,609.69,284.53,open,USD
INV-2025000378,CUST-00009,2025-03-10,2025-04-09,4175.69,4175.69,0.0,paid,USD
INV-2025000379,CUST-00032,2025-12-25,2026-02-23,1624.94,1624.94,0.0,paid,USD
INV-2025000380,CUST-00052,2025-06-07,2025-08-06,229.92,229.92,0.0,paid,USD
INV-2025000381,CUST-00011,2025-05-31,2025-07-30,1663.53,1663.53,0.0,paid,USD
INV-2025000382,CUST-00058,2025-02-08,2025-03-25,7924.06,7924.06,0.0,paid,USD
INV-2025000383,CUST-00007,2025-04-19,2025-06-03,904.88,904.88,0.0,paid,USD
INV-2025000384,CUST-00073,2025-02-05,2025-04-06,3683.57,3683.57,0.0,paid,USD
INV-2025000385,CUST-00051,2025-03-27,2025-05-26,649.02,480.3,168.72,open,USD
INV-2025000386,CUST-00029,2025-11-25,2026-01-24,5420.98,5420.98,0.0,paid,USD
INV-2025000387,CUST-00008,2025-05-10,2025-07-09,2257.44,2257.44,0.0,paid,USD
INV-2025000388,CUST-00061,2025-02-27,2025-03-29,3076.58,2163.73,912.85,open,USD
INV-2025000389,CUST-00024,2025-08-07,2025-09-06,1827.0,1827.0,0.0,paid,USD
INV-2025000390,CUST-00022,2025-12-21,2026-01-20,1003.24,1003.24,0.0,paid,USD
INV-2025000391,CUST-00076,2025-04-07,2025-04-22,2931.48,1647.8,1283.68,open,USD
INV-2025000392,CUST-00032,2025-12-30,2026-02-13,1398.54,56.62,1341.92,open,USD
INV-2025000393,CUST-00022,2025-12-01,2025-12-16,221.99,221.99,0.0,paid,USD
INV-2025000394,CUST-00033,2025-05-17,2025-06-01,249.97,249.97,0.0,paid,USD
INV-2025000395,CUST-00002,2025-04-05,2025-04-20,844.71,844.71,0.0,paid,USD
INV-2025000396,CUST-00074,2025-09-25,2025-11-24,1500.52,1240.91,259.61,open,USD
INV-2025000397,CUST-00064,2025-02-11,2025-02-26,400.18,400.18,0.0,paid,USD
INV-2025000398,CUST-00004,2025-08-09,2025-08-24,220.71,220.71,0.0,paid,USD
INV-2025000399,CUST-00041,2025-03-27,2025-04-11,684.43,684.43,0.0,paid,USD
INV-2025000400,CUST-00038,2025-01-29,2025-03-15,818.8,818.8,0.0,paid,USD
