pos_txn_id,store_id,txn_date,tender,gross_amount,tax_amount,discount_amount
POS-00000001,ST-002,2025-08-31,CREDIT,8.71,0.61,0.0
POS-00000002,ST-003,2025-10-30,CREDIT,53.02,3.71,0.0
POS-00000003,ST-003,2025-05-23,CREDIT,33.86,2.37,0.0
POS-00000004,ST-002,2025-02-26,CREDIT,13.87,0.97,0.0
POS-00000005,ST-002,2025-04-23,CASH,59.3,4.15,0.0
POS-00000006,ST-001,2025-04-27,CREDIT,49.41,3.46,0.0
POS-00000007,ST-004,2025-04-06,DEBIT,25.21,1.76,0.0
POS-00000008,ST-003,2025-08-20,DEBIT,44.21,3.09,0.0
POS-00000009,ST-003,2025-11-17,CASH,6.22,0.44,0.0
POS-00000010,ST-001,2025-06-17,GIFT_CARD,28.05,1.96,0.0
POS-00000011,ST-002,2025-08-22,DEBIT,37.41,2.62,0.0
POS-00000012,ST-001,2025-08-14,DEBIT,14.32,1.0,0.0
POS-00000013,ST-002,2025-08-15,DEBIT,8.13,0.57,0.0
POS-00000014,ST-003,2025-12-05,CREDIT,23.84,1.67,0.0
POS-00000015,ST-004,2025-08-11,DEBIT,17.83,1.25,0.0
POS-00000016,ST-003,2025-03-29,CASH,28.57,2.0,0.0
POS-00000017,ST-003,2025-10-15,GIFT_CARD,116.63,8.16,0.0
POS-00000018,ST-004,2025-03-16,DEBIT,17.78,1.24,0.0
POS-00000019,ST-002,2025-08-20,CREDIT,38.21,2.67,0.0
POS-00000020,ST-002,2025-03-12,CREDIT,31.32,2.19,0.0
POS-00000021,ST-004,2025-04-24,DEBIT,47.5,3.32,0.0
POS-00000022,ST-004,2025-06-08,GIFT_CARD,45.57,3.19,0.0
POS-00000023,ST-003,2025-09-24,CASH,18.76,1.31,0.0
POS-00000024,ST-002,2025-01-21,CASH,26.12,1.83,0.0
POS-00000025,ST-003,2025-04-08,CREDIT,19.17,1.34,0.0
POS-00000026,ST-003,2025-11-20,CREDIT,3.78,0.26,0.0
POS-00000027,ST-003,2025-08-16,CREDIT,23.91,1.67,0.0
POS-00000028,ST-001,2025-02-01,CASH,151.07,10.57,0.0
POS-00000029,ST-001,2025-06-16,DEBIT,29.27,2.05,0.0
POS-00000030,ST-002,2025-09-18,CREDIT,38.41,2.69,0.0
POS-00000031,ST-003,2025-05-29,DEBIT,86.62,6.06,0.0
POS-00000032,ST-004,2025-11-09,CREDIT,38.57,2.7,0.0
POS-00000033,ST-003,2025-06-02,GIFT_CARD,44.39,3.11,0.0
POS-00000034,ST-003,2025-07-15,GIFT_CARD,58.1,4.07,0.0
POS-00000035,ST-001,2025-08-13,GIFT_CARD,20.81,1.46,0.0
POS-00000036,ST-004,2025-06-08,DEBIT,29.03,2.03,0.0
POS-00000037,ST-003,2025-06-10,CREDIT,101.88,7.13,0.0
POS-00000038,ST-003,2025-04-03,GIFT_CARD,31.84,2.23,0.0
POS-00000039,ST-002,2025-10-16,GIFT_CARD,45.61,3.19,0.0
POS-00000040,ST-002,2025-03-08,DEBIT,31.83,2.23,0.0
POS-00000041,ST-004,2025-01-24,CASH,38.55,2.7,0.0
POS-00000042,ST-001,2025-05-06,GIFT_CARD,41.67,2.92,0.0
POS-00000043,ST-001,2025-12-30,GIFT_CARD,44.35,3.1,0.0
POS-00000044,ST-002,2025-07-04,CASH,333.6,23.35,0.0
POS-00000045,ST-003,2025-02-16,GIFT_CARD,9.14,0.64,0.0
POS-00000046,ST-004,2025-02-06,DEBIT,66.7,4.67,0.0
POS-00000047,ST-003,2025-05-31,DEBIT,20.32,1.42,0.0
POS-00000048,ST-003,2025-07-12,CREDIT,39.27,2.75,0.0
POS-00000049,ST-004,2025-05-27,CREDIT,101.98,7.14,0.0
POS-00000050,ST-004,2025-11-02,DEBIT,65.16,4.56,0.0
POS-00000051,ST-001,2025-10-09,CREDIT,12.25,0.86,0.0
POS-00000052,ST-002,2025-08-03,CASH,122.62,8.58,0.0
POS-00000053,ST-004,2025-05-17,CASH,57.28,4.01,0.0
POS-00000054,ST-001,2025-11-17,CREDIT,46.74,3.27,0.0
POS-00000055,ST-004,2025-03-10,DEBIT,17.42,1.22,0.0
POS-00000056,ST-003,2025-02-20,CREDIT,14.38,1.01,0.0
POS-00000057,ST-003,2025-06-14,GIFT_CARD,24.12,1.69,0.0
POS-00000058,ST-003,2025-01-31,GIFT_CARD,18.19,1.27,0.0
POS-00000059,ST-004,2025-06-07,CASH,11.98,0.84,0.0
POS-00000060,ST-002,2025-03-09,GIFT_CARD,14.64,1.02,0.0
POS-00000061,ST-001,2025-12-31,GIFT_CARD,27.37,1.92,0.0
POS-00000062,ST-002,2025-11-03,DEBIT,13.51,0.95,0.0
POS-00000063,ST-004,2025-01-14,CREDIT,28.38,1.99,0.0
POS-00000064,ST-002,2025-06-17,DEBIT,32.4,2.27,0.0
POS-00000065,ST-001,2025-10-26,DEBIT,36.94,2.59,0.0
POS-00000066,ST-002,2025-10-17,CREDIT,11.81,0.83,0.0
POS-00000067,ST-001,2025-02-01,DEBIT,26.0,1.82,0.0
POS-00000068,ST-001,2025-05-24,CREDIT,56.56,3.96,0.0
POS-00000069,ST-001,2025-09-28,CREDIT,51.7,3.62,0.0
POS-00000070,ST-004,2025-01-07,CREDIT,3.88,0.27,0.0
POS-00000071,ST-004,2025-05-06,DEBIT,73.1,5.12,0.0
POS-00000072,ST-004,2025-05-30,DEBIT,6.94,0.49,0.0
POS-00000073,ST-001,2025-08-14,GIFT_CARD,84.08,5.89,0.0
POS-00000074,ST-002,2025-07-09,CREDIT,71.25,4.99,0.0
POS-00000075,ST-003,2025-01-23,DEBIT,76.56,5.36,0.0
POS-00000076,ST-002,2025-04-01,CASH,9.63,0.67,0.0
POS-00000077,ST-002,2025-09-09,GIFT_CARD,44.05,3.08,0.0
POS-00000078,ST-003,2025-06-26,CREDIT,7.71,0.54,0.0
POS-00000079,ST-004,2025-05-27,DEBIT,6.99,0.49,0.0
POS-00000080,ST-002,2025-04-28,GIFT_CARD,18.48,1.29,0.0
POS-00000081,ST-003,2025-03-05,DEBIT,24.81,1.74,0.0
POS-00000082,ST-002,2025-09-20,CREDIT,203.19,14.22,0.0
POS-00000083,ST-002,2025-11-09,DEBIT,40.3,2.82,0.0
POS-00000084,ST-003,2025-07-15,CASH,47.75,3.34,0.0
POS-00000085,ST-002,2025-08-10,CASH,14.29,1.0,0.0
POS-00000086,ST-001,2025-07-29,DEBIT,41.33,2.89,0.0
POS-00000087,ST-001,2025-04-12,GIFT_CARD,11.23,0.79,0.0
POS-00000088,ST-004,2025-11-07,DEBIT,31.97,2.24,0.0
POS-00000089,ST-002,2025-11-13,CREDIT,86.01,6.02,0.0
POS-00000090,ST-001,2025-10-21,DEBIT,35.59,2.49,0.0
POS-00000091,ST-003,2025-09-07,DEBIT,35.79,2.51,0.0
POS-00000092,ST-004,2025-11-15,CASH,20.85,1.46,0.0
POS-00000093,ST-002,2025-04-09,DEBIT,39.98,2.8,0.0
POS-00000094,ST-001,2025-07-23,CREDIT,7.76,0.54,0.0
POS-00000095,ST-004,2025-04-24,DEBIT,79.65,5.58,0.0
POS-00000096,ST-004,2025-06-19,DEBIT,51.59,3.61,0.0
POS-00000097,ST-004,2025-06-14,DEBIT,14.31,1.0,0.0
POS-00000098,ST-001,2025-02-09,CASH,24.69,1.73,0.0
POS-00000099,ST-003,2025-04-28,GIFT_CARD,171.24,11.99,0.0
POS-00000100,ST-002,2025-10-23,CASH,73.93,5.18,0.0
POS-00000101,ST-004,2025-02-06,CREDIT,65.44,4.58,0.0
POS-00000102,ST-001,2025-05-22,CREDIT,31.81,2.23,0.0
POS-00000103,ST-001,2025-12-05,CASH,30.79,2.16,0.0
POS-00000104,ST-002,2025-07-25,CASH,121.4,8.5,0.0
POS-00000105,ST-001,2025-11-13,GIFT_CARD,8.72,0.61,0.0
POS-00000106,ST-001,2025-03-11,CREDIT,36.35,2.54,0.0
POS-00000107,ST-003,2025-08-17,DEBIT,8.67,0.61,0.0
POS-00000108,ST-004,2025-12-30,GIFT_CARD,81.67,5.72,0.0
POS-00000109,ST-002,2025-01-13,GIFT_CARD,47.77,3.34,0.0
POS-00000110,ST-001,2025-12-31,GIFT_CARD,24.87,1.74,0.0
POS-00000111,ST-001,2025-04-13,GIFT_CARD,22.64,1.58,0.0
POS-00000112,ST-004,2025-07-14,DEBIT,41.79,2.93,0.0
POS-00000113,ST-002,2025-11-23,CASH,30.74,2.15,0.0
POS-00000114,ST-002,2025-11-14,CASH,34.87,2.44,0.0
POS-00000115,ST-003,2025-12-29,GIFT_CARD,58.06,4.06,0.0
POS-00000116,ST-004,2025-12-23,DEBIT,28.56,2.0,0.0
POS-00000117,ST-002,2025-06-13,CASH,36.11,2.53,0.0
POS-00000118,ST-001,2025-06-30,GIFT_CARD,13.21,0.92,0.0
POS-00000119,ST-003,2025-05-13,CASH,10.75,0.75,0.0
POS-00000120,ST-002,2025-03-04,GIFT_CARD,34.19,2.39,0.0
POS-00000121,ST-003,2025-01-13,CASH,10.74,0.75,0.0
POS-00000122,ST-002,2025-03-25,CREDIT,13.63,0.95,0.0
POS-00000123,ST-001,2025-12-23,CREDIT,67.06,4.69,0.0
POS-00000124,ST-001,2025-01-27,CREDIT,116.03,8.12,0.0
POS-00000125,ST-002,2025-04-07,DEBIT,14.85,1.04,0.0
POS-00000126,ST-001,2025-05-02,GIFT_CARD,34.22,2.4,0.0
POS-00000127,ST-003,2025-06-03,CASH,66.85,4.68,0.0
POS-00000128,ST-003,2025-10-22,DEBIT,7.96,0.56,0.0
POS-00000129,ST-004,2025-10-23,CASH,21.85,1.53,0.0
POS-00000130,ST-003,2025-02-03,DEBIT,21.91,1.53,0.0
POS-00000131,ST-001,2025-08-20,CASH,21.88,1.53,0.0
POS-00000132,ST-001,2025-01-09,GIFT_CARD,53.01,3.71,0.0
POS-00000133,ST-003,2025-11-13,DEBIT,23.27,1.63,0.0
POS-00000134,ST-001,2025-02-12,CASH,32.62,2.28,0.0
POS-00000135,ST-003,2025-08-17,DEBIT,14.21,0.99,0.0
POS-00000136,ST-003,2025-01-11,CREDIT,53.76,3.76,0.0
POS-00000137,ST-002,2025-06-15,CREDIT,32.47,2.27,0.0
POS-00000138,ST-004,2025-07-30,DEBIT,52.27,3.66,0.0
POS-00000139,ST-003,2025-03-04,DEBIT,32.16,2.25,0.0
POS-00000140,ST-003,2025-04-25,GIFT_CARD,24.06,1.68,0.0
POS-00000141,ST-003,2025-07-23,CASH,251.09,17.58,0.0
POS-00000142,ST-001,2025-09-18,CASH,20.28,1.42,0.0
POS-00000143,ST-003,2025-12-31,GIFT_CARD,12.87,0.9,0.0
POS-00000144,ST-001,2025-07-01,CREDIT,11.22,0.79,0.0
POS-00000145,ST-003,2025-05-07,CREDIT,21.52,1.51,0.0
POS-00000146,ST-004,2025-12-29,CREDIT,35.05,2.45,0.0
POS-00000147,ST-001,2025-11-09,CREDIT,21.16,1.48,0.0
POS-00000148,ST-001,2025-06-04,CREDIT,30.84,2.16,0.0
POS-00000149,ST-001,2025-07-07,CREDIT,31.25,2.19,0.0
POS-00000150,ST-002,2025-03-13,CASH,49.2,3.44,0.0
POS-00000151,ST-001,2025-11-26,DEBIT,105.39,7.38,0.0
POS-00000152,ST-004,2025-08-18,CASH,97.63,6.83,0.0
POS-00000153,ST-002,2025-12-15,CREDIT,52.23,3.66,0.0
POS-00000154,ST-002,2025-06-19,GIFT_CARD,15.51,1.09,0.0
POS-00000155,ST-003,2025-09-28,DEBIT,65.76,4.6,0.0
POS-00000156,ST-003,2025-10-18,DEBIT,22.27,1.56,0.0
POS-00000157,ST-001,2025-06-19,CASH,20.71,1.45,0.0
POS-00000158,ST-004,2025-12-14,CREDIT,99.49,6.96,0.0
POS-00000159,ST-001,2025-01-02,CASH,142.27,9.96,0.0
POS-00000160,ST-001,2025-01-03,CREDIT,65.46,4.58,0.0
POS-00000161,ST-001,2025-05-07,DEBIT,26.2,1.83,0.0
POS-00000162,ST-004,2025-05-24,CASH,22.46,1.57,0.0
POS-00000163,ST-002,2025-09-25,GIFT_CARD,19.25,1.35,0.0
POS-00000164,ST-001,2025-07-24,GIFT_CARD,48.52,3.4,0.0
POS-00000165,ST-004,2025-08-02,DEBIT,28.92,2.02,0.0
POS-00000166,ST-001,2025-01-19,CREDIT,104.35,7.3,0.0
POS-00000167,ST-002,2025-01-14,CREDIT,56.11,3.93,0.0
POS-00000168,ST-003,2025-11-05,DEBIT,67.21,4.7,0.0
POS-00000169,ST-002,2025-10-17,CASH,50.93,3.57,0.0
POS-00000170,ST-003,2025-12-04,GIFT_CARD,97.53,6.83,0.0
POS-00000171,ST-004,2025-02-11,GIFT_CARD,57.99,4.06,0.0
POS-00000172,ST-001,2025-01-16,CREDIT,77.26,5.41,0.0
POS-00000173,ST-002,2025-02-09,DEBIT,40.33,2.82,0.0
POS-00000174,ST-004,2025-10-24,DEBIT,32.02,2.24,0.0
POS-00000175,ST-001,2025-01-25,CASH,43.93,3.08,0.0
POS-00000176,ST-003,2025-09-27,GIFT_CARD,29.22,2.05,0.0
POS-00000177,ST-004,2025-07-13,GIFT_CARD,19.46,1.36,0.0
POS-00000178,ST-003,2025-11-29,CREDIT,18.6,1.3,0.0
POS-00000179,ST-002,2025-10-01,CASH,31.84,2.23,0.0
POS-00000180,ST-001,2025-12-23,DEBIT,29.4,2.06,0.0
POS-00000181,ST-004,2025-08-12,CASH,26.78,1.87,0.0
POS-00000182,ST-004,2025-09-04,DEBIT,56.14,3.93,0.0
POS-00000183,ST-003,2025-10-07,GIFT_CARD,38.25,2.68,0.0
POS-00000184,ST-002,2025-09-05,CASH,59.4,4.16,0.0
POS-00000185,ST-003,2025-01-06,CREDIT,34.51,2.42,0.0
POS-00000186,ST-002,2025-06-14,DEBIT,51.82,3.63,0.0
POS-00000187,ST-001,2025-09-28,GIFT_CARD,73.93,5.18,0.0
POS-00000188,ST-002,2025-04-04,CASH,26.01,1.82,0.0
POS-00000189,ST-002,2025-12-11,CASH,39.66,2.78,0.0
POS-00000190,ST-002,2025-07-16,GIFT_CARD,36.74,2.57,0.0
POS-00000191,ST-001,2025-12-02,CASH,61.73,4.32,0.0
POS-00000192,ST-001,2025-06-17,DEBIT,23.3,1.63,0.0
POS-00000193,ST-003,2025-10-02,CREDIT,13.7,0.96,0.0
POS-00000194,ST-004,2025-01-02,DEBIT,12.67,0.89,0.0
POS-00000195,ST-002,2025-06-01,CREDIT,81.59,5.71,0.0
POS-00000196,ST-002,2025-08-13,CREDIT,61.49,4.3,0.0
POS-00000197,ST-001,2025-06-30,CREDIT,13.26,0.93,0.0
POS-00000198,ST-002,2025-10-05,DEBIT,11.22,0.79,0.0
POS-00000199,ST-002,2025-12-29,GIFT_CARD,10.88,0.76,0.0
POS-00000200,ST-004,2025-09-29,GIFT_CARD,146.46,10.25,0.0
POS-00000201,ST-001,2025-04-10,CASH,40.97,2.87,0.0
POS-00000202,ST-004,2025-07-13,CREDIT,26.52,1.86,0.0
POS-00000203,ST-001,2025-03-22,CASH,68.22,4.78,0.0
POS-00000204,ST-003,2025-12-06,DEBIT,48.17,3.37,0.0
POS-00000205,ST-002,2025-12-24,GIFT_CARD,39.73,2.78,0.0
POS-00000206,ST-003,2025-12-29,GIFT_CARD,11.66,0.82,0.0
POS-00000207,ST-004,2025-10-22,CREDIT,12.57,0.88,0.0
POS-00000208,ST-001,2025-07-26,GIFT_CARD,60.71,4.25,0.0
POS-00000209,ST-004,2025-01-01,DEBIT,148.02,10.36,0.0
POS-00000210,ST-001,2025-03-03,CREDIT,78.22,5.48,0.0
POS-00000211,ST-004,2025-03-21,CREDIT,15.26,1.07,0.0
POS-00000212,ST-003,2025-05-11,GIFT_CARD,39.35,2.75,0.0
POS-00000213,ST-004,2025-04-10,CASH,24.09,1.69,0.0
POS-00000214,ST-001,2025-07-17,CASH,104.93,7.35,0.0
POS-00000215,ST-003,2025-12-09,GIFT_CARD,23.4,1.64,0.0
POS-00000216,ST-001,2025-06-30,GIFT_CARD,84.36,5.91,0.0
POS-00000217,ST-001,2025-02-25,GIFT_CARD,9.43,0.66,0.0
POS-00000218,ST-004,2025-09-03,CREDIT,7.98,0.56,0.0
POS-00000219,ST-002,2025-10-06,CREDIT,88.27,6.18,0.0
POS-00000220,ST-004,2025-01-19,GIFT_CARD,12.1,0.85,0.0
POS-00000221,ST-001,2025-08-03,GIFT_CARD,21.65,1.52,0.0
POS-00000222,ST-001,2025-04-23,CASH,24.59,1.72,0.0
POS-00000223,ST-001,2025-03-02,CASH,8.42,0.59,0.0
POS-00000224,ST-004,2025-10-14,CREDIT,28.32,1.98,0.0
POS-00000225,ST-003,2025-04-22,CASH,26.23,1.84,0.0
POS-00000226,ST-003,2025-03-27,DEBIT,43.47,3.04,0.0
POS-00000227,ST-003,2025-12-03,DEBIT,42.54,2.98,0.0
POS-00000228,ST-004,2025-12-31,GIFT_CARD,14.87,1.04,0.0
POS-00000229,ST-002,2025-12-31,GIFT_CARD,41.84,2.93,0.0
POS-00000230,ST-002,2025-04-04,CREDIT,24.69,1.73,0.0
POS-00000231,ST-001,2025-08-22,GIFT_CARD,60.11,4.21,0.0
POS-00000232,ST-001,2025-12-30,GIFT_CARD,59.73,4.18,0.0
POS-00000233,ST-003,2025-02-23,DEBIT,80.36,5.63,0.0
POS-00000234,ST-004,2025-09-03,CREDIT,96.55,6.76,0.0
POS-00000235,ST-001,2025-02-27,GIFT_CARD,27.52,1.93,0.0
POS-00000236,ST-003,2025-09-13,CREDIT,32.51,2.28,0.0
POS-00000237,ST-002,2025-12-31,GIFT_CARD,32.39,2.27,0.0
POS-00000238,ST-003,2025-03-01,CREDIT,86.82,6.08,0.0
POS-00000239,ST-001,2025-10-25,GIFT_CARD,32.81,2.3,0.0
POS-00000240,ST-002,2025-08-02,DEBIT,26.28,1.84,0.0
POS-00000241,ST-001,2025-01-01,CREDIT,67.92,4.75,0.0
POS-00000242,ST-002,2025-12-23,CASH,34.76,2.43,0.0
POS-00000243,ST-003,2025-02-26,GIFT_CARD,85.94,6.02,0.0
POS-00000244,ST-004,2025-05-02,GIFT_CARD,19.26,1.35,0.0
POS-00000245,ST-003,2025-02-03,CREDIT,88.72,6.21,0.0
POS-00000246,ST-002,2025-12-20,CREDIT,14.59,1.02,0.0
POS-00000247,ST-004,2025-06-20,CREDIT,45.56,3.19,0.0
POS-00000248,ST-003,2025-06-02,CREDIT,99.44,6.96,0.0
POS-00000249,ST-001,2025-06-12,DEBIT,35.51,2.49,0.0
POS-00000250,ST-002,2025-11-07,GIFT_CARD,52.51,3.68,0.0
POS-00000251,ST-001,2025-11-25,GIFT_CARD,248.85,17.42,0.0
POS-00000252,ST-003,2025-05-24,CREDIT,20.09,1.41,0.0
POS-00000253,ST-001,2025-04-13,GIFT_CARD,21.82,1.53,0.0
POS-00000254,ST-002,2025-02-07,DEBIT,8.88,0.62,0.0
POS-00000255,ST-003,2025-04-19,CREDIT,58.54,4.1,0.0
POS-00000256,ST-001,2025-04-05,DEBIT,33.79,2.37,0.0
POS-00000257,ST-004,2025-09-16,CASH,9.69,0.68,0.0
POS-00000258,ST-003,2025-06-12,CREDIT,41.69,2.92,0.0
POS-00000259,ST-002,2025-03-27,CASH,159.61,11.17,0.0
POS-00000260,ST-002,2025-05-08,GIFT_CARD,81.43,5.7,0.0
POS-00000261,ST-003,2025-01-10,DEBIT,33.84,2.37,0.0
POS-00000262,ST-004,2025-07-09,GIFT_CARD,26.28,1.84,0.0
POS-00000263,ST-002,2025-02-28,CREDIT,30.24,2.12,0.0
POS-00000264,ST-004,2025-08-25,GIFT_CARD,19.25,1.35,0.0
POS-00000265,ST-002,2025-04-14,GIFT_CARD,9.87,0.69,0.0
POS-00000266,ST-003,2025-06-04,CASH,32.6,2.28,0.0
POS-00000267,ST-002,2025-08-26,CREDIT,89.67,6.28,0.0
POS-00000268,ST-002,2025-07-12,CASH,51.18,3.58,0.0
POS-00000269,ST-003,2025-10-31,GIFT_CARD,11.1,0.78,0.0
POS-00000270,ST-001,2025-03-08,CREDIT,22.89,1.6,0.0
POS-00000271,ST-002,2025-08-03,CASH,64.51,4.52,0.0
POS-00000272,ST-003,2025-02-24,CREDIT,73.66,5.16,0.0
POS-00000273,ST-003,2025-05-15,CASH,11.35,0.79,0.0
POS-00000274,ST-002,2025-05-22,CREDIT,91.89,6.43,0.0
POS-00000275,ST-004,2025-12-08,CASH,17.77,1.24,0.0
POS-00000276,ST-002,2025-12-30,GIFT_CARD,23.7,1.66,0.0
POS-00000277,ST-002,2025-04-21,DEBIT,35.33,2.47,0.0
POS-00000278,ST-002,2025-09-19,CASH,67.0,4.69,0.0
POS-00000279,ST-003,2025-06-08,GIFT_CARD,14.6,1.02,0.0
POS-00000280,ST-002,2025-05-02,CASH,69.4,4.86,0.0
POS-00000281,ST-004,2025-06-11,CREDIT,37.76,2.64,0.0
POS-00000282,ST-001,2025-06-17,DEBIT,43.37,3.04,0.0
POS-00000283,ST-001,2025-01-10,CREDIT,31.25,2.19,0.0
POS-00000284,ST-002,2025-10-28,GIFT_CARD,33.55,2.35,0.0
POS-00000285,ST-003,2025-03-19,CASH,24.97,1.75,0.0
POS-00000286,ST-003,2025-05-14,CREDIT,66.3,4.64,0.0
POS-00000287,ST-004,2025-10-16,CREDIT,12.26,0.86,0.0
POS-00000288,ST-001,2025-08-19,GIFT_CARD,19.79,1.39,0.0
POS-00000289,ST-004,2025-03-14,GIFT_CARD,16.84,1.18,0.0
POS-00000290,ST-002,2025-05-27,DEBIT,38.69,2.71,0.0
POS-00000291,ST-002,2025-10-15,CASH,67.93,4.76,0.0
POS-00000292,ST-003,2025-03-14,CREDIT,35.36,2.48,0.0
POS-00000293,ST-003,2025-01-02,CREDIT,19.99,1.4,0.0
POS-00000294,ST-001,2025-07-18,GIFT_CARD,13.33,0.93,0.0
POS-00000295,ST-001,2025-07-03,GIFT_CARD,13.68,0.96,0.0
POS-00000296,ST-004,2025-11-29,CREDIT,37.69,2.64,0.0
POS-00000297,ST-003,2025-08-28,GIFT_CARD,28.74,2.01,0.0
POS-00000298,ST-002,2025-10-10,CREDIT,128.17,8.97,0.0
POS-00000299,ST-004,2025-10-05,CREDIT,32.75,2.29,0.0
POS-00000300,ST-004,2025-04-18,CASH,55.01,3.85,0.0
POS-00000301,ST-002,2025-11-28,CASH,25.06,1.75,0.0
POS-00000302,ST-001,2025-09-30,CREDIT,55.38,3.88,0.0
POS-00000303,ST-003,2025-06-08,DEBIT,5.67,0.4,0.0
POS-00000304,ST-004,2025-09-13,DEBIT,17.31,1.21,0.0
POS-00000305,ST-002,2025-02-19,CREDIT,44.3,3.1,0.0
POS-00000306,ST-003,2025-10-13,DEBIT,25.95,1.82,0.0
POS-00000307,ST-002,2025-08-28,CREDIT,33.02,2.31,0.0
POS-00000308,ST-004,2025-07-02,DEBIT,95.99,6.72,0.0
POS-00000309,ST-004,2025-07-26,CASH,70.28,4.92,0.0
POS-00000310,ST-003,2025-02-06,DEBIT,11.02,0.77,0.0
POS-00000311,ST-002,2025-08-31,CASH,70.88,4.96,0.0
POS-00000312,ST-004,2025-09-15,CASH,88.95,6.23,0.0
POS-00000313,ST-002,2025-06-19,DEBIT,19.4,1.36,0.0
POS-00000314,ST-003,2025-02-03,GIFT_CARD,23.6,1.65,0.0
POS-00000315,ST-003,2025-04-29,CASH,88.62,6.2,0.0
POS-00000316,ST-002,2025-07-20,GIFT_CARD,78.6,5.5,0.0
POS-00000317,ST-002,2025-11-13,CREDIT,14.49,1.01,0.0
POS-00000318,ST-003,2025-11-06,CREDIT,29.18,2.04,0.0
POS-00000319,ST-001,2025-04-21,DEBIT,25.22,1.77,0.0
POS-00000320,ST-004,2025-12-30,GIFT_CARD,14.94,1.05,0.0
POS-00000321,ST-001,2025-07-29,CREDIT,19.12,1.34,0.0
POS-00000322,ST-002,2025-01-22,CREDIT,104.55,7.32,0.0
POS-00000323,ST-004,2025-02-24,CASH,37.07,2.59,0.0
POS-00000324,ST-004,2025-12-18,CASH,20.71,1.45,0.0
POS-00000325,ST-003,2025-08-03,CASH,21.47,1.5,0.0
POS-00000326,ST-002,2025-12-05,DEBIT,47.97,3.36,0.0
POS-00000327,ST-003,2025-08-16,GIFT_CARD,60.75,4.25,0.0
POS-00000328,ST-002,2025-02-28,CREDIT,28.85,2.02,0.0
POS-00000329,ST-004,2025-09-20,CREDIT,38.22,2.68,0.0
POS-00000330,ST-004,2025-03-01,DEBIT,10.18,0.71,0.0
POS-00000331,ST-001,2025-03-19,DEBIT,34.6,2.42,0.0
POS-00000332,ST-001,2025-06-16,CASH,80.01,5.6,0.0
POS-00000333,ST-002,2025-02-14,GIFT_CARD,20.94,1.47,0.0
POS-00000334,ST-001,2025-02-23,CASH,85.3,5.97,0.0
POS-00000335,ST-004,2025-05-25,GIFT_CARD,15.64,1.09,0.0
POS-00000336,ST-002,2025-02-23,CASH,18.36,1.29,0.0
POS-00000337,ST-002,2025-08-31,CREDIT,8.18,0.57,0.0
POS-00000338,ST-001,2025-06-23,DEBIT,135.21,9.46,0.0
POS-00000339,ST-001,2025-08-24,GIFT_CARD,33.35,2.33,0.0
POS-00000340,ST-004,2025-05-17,GIFT_CARD,30.88,2.16,0.0
POS-00000341,ST-001,2025-06-12,DEBIT,124.81,8.74,0.0
POS-00000342,ST-001,2025-05-09,GIFT_CARD,15.56,1.09,0.0
POS-00000343,ST-001,2025-05-14,CASH,150.46,10.53,0.0
POS-00000344,ST-001,2025-04-09,DEBIT,83.6,5.85,0.0
POS-00000345,ST-002,2025-03-07,CASH,42.98,3.01,0.0
POS-00000346,ST-003,2025-09-03,GIFT_CARD,89.79,6.29,0.0
POS-00000347,ST-003,2025-09-12,DEBIT,35.58,2.49,0.0
POS-00000348,ST-004,2025-03-20,DEBIT,42.09,2.95,0.0
POS-00000349,ST-002,2025-02-27,DEBIT,71.9,5.03,0.0
POS-00000350,ST-003,2025-02-21,CASH,26.55,1.86,0.0
POS-00000351,ST-001,2025-03-19,GIFT_CARD,12.0,0.84,0.0
POS-00000352,ST-001,2025-06-21,CASH,14.97,1.05,0.0
POS-00000353,ST-003,2025-07-02,GIFT_CARD,18.35,1.28,0.0
POS-00000354,ST-004,2025-04-30,DEBIT,25.14,1.76,0.0
POS-00000355,ST-002,2025-07-26,GIFT_CARD,31.48,2.2,0.0
POS-00000356,ST-003,2025-01-14,CASH,76.49,5.35,0.0
POS-00000357,ST-001,2025-11-25,CASH,15.94,1.12,0.0
POS-00000358,ST-002,2025-03-06,CASH,52.23,3.66,0.0
POS-00000359,ST-002,2025-09-21,GIFT_CARD,134.41,9.41,0.0
POS-00000360,ST-003,2025-10-08,DEBIT,47.04,3.29,0.0
POS-00000361,ST-004,2025-03-22,GIFT_CARD,23.51,1.65,0.0
POS-00000362,ST-002,2025-05-09,CASH,59.51,4.17,0.0
POS-00000363,ST-004,2025-01-11,CASH,25.86,1.81,0.0
POS-00000364,ST-001,2025-10-16,CASH,97.64,6.83,0.0
POS-00000365,ST-001,2025-12-31,GIFT_CARD,36.61,2.56,0.0
POS-00000366,ST-002,2025-02-03,GIFT_CARD,35.34,2.47,0.0
POS-00000367,ST-003,2025-08-17,DEBIT,154.77,10.83,0.0
POS-00000368,ST-002,2025-03-20,GIFT_CARD,26.58,1.86,0.0
POS-00000369,ST-004,2025-12-02,CASH,49.99,3.5,0.0
POS-00000370,ST-001,2025-05-15,GIFT_CARD,20.62,1.44,0.0
POS-00000371,ST-003,2025-09-18,CASH,17.0,1.19,0.0
POS-00000372,ST-004,2025-11-11,CREDIT,21.98,1.54,0.0
POS-00000373,ST-002,2025-01-14,CREDIT,177.19,12.4,0.0
POS-00000374,ST-002,2025-06-09,DEBIT,12.99,0.91,0.0
POS-00000375,ST-002,2025-06-10,DEBIT,22.21,1.55,0.0
POS-00000376,ST-001,2025-11-10,CREDIT,12.66,0.89,0.0
POS-00000377,ST-004,2025-02-15,DEBIT,116.92,8.18,0.0
POS-00000378,ST-002,2025-06-21,CASH,61.42,4.3,0.0
POS-00000379,ST-001,2025-10-08,CREDIT,46.92,3.28,0.0
POS-00000380,ST-002,2025-05-04,GIFT_CARD,6.68,0.47,0.0
POS-00000381,ST-004,2025-02-15,CASH,16.51,1.16,0.0
POS-00000382,ST-002,2025-12-29,GIFT_CARD,16.91,1.18,0.0
POS-00000383,ST-003,2025-06-09,CASH,175.01,12.25,0.0
POS-00000384,ST-003,2025-07-13,DEBIT,12.6,0.88,0.0
POS-00000385,ST-003,2025-01-06,DEBIT,12.58,0.88,0.0
POS-00000386,ST-003,2025-06-27,CASH,96.94,6.79,0.0
POS-00000387,ST-004,2025-12-29,GIFT_CARD,124.41,8.71,0.0
POS-00000388,ST-003,2025-10-17,GIFT_CARD,16.79,1.18,0.0
POS-00000389,ST-002,2025-03-11,DEBIT,44.22,3.1,0.0
POS-00000390,ST-002,2025-04-02,GIFT_CARD,133.96,9.38,0.0
POS-00000391,ST-001,2025-03-21,CASH,28.11,1.97,0.0
POS-00000392,ST-002,2025-12-19,CASH,74.41,5.21,0.0
POS-00000393,ST-001,2025-10-17,DEBIT,16.74,1.17,0.0
POS-00000394,ST-004,2025-03-02,GIFT_CARD,17.23,1.21,0.0
POS-00000395,ST-003,2025-08-05,DEBIT,46.18,3.23,0.0
POS-00000396,ST-002,2025-06-26,CREDIT,86.89,6.08,0.0
POS-00000397,ST-002,2025-05-11,GIFT_CARD,9.81,0.69,0.0
POS-00000398,ST-002,2025-07-13,DEBIT,44.42,3.11,0.0
POS-00000399,ST-001,2025-02-17,CASH,34.22,2.4,0.0
POS-00000400,ST-004,2025-11-13,DEBIT,44.69,3.13,0.0
POS-00000401,ST-003,2025-02-27,DEBIT,36.11,2.53,0.0
POS-00000402,ST-001,2025-10-13,CREDIT,13.4,0.94,0.0
POS-00000403,ST-002,2025-08-10,DEBIT,35.37,2.48,0.0
POS-00000404,ST-001,2025-11-19,GIFT_CARD,19.46,1.36,0.0
POS-00000405,ST-002,2025-02-24,GIFT_CARD,17.37,1.22,0.0
POS-00000406,ST-003,2025-11-10,GIFT_CARD,3.94,0.28,0.0
POS-00000407,ST-001,2025-08-01,CREDIT,79.32,5.55,0.0
POS-00000408,ST-001,2025-02-06,CREDIT,61.7,4.32,0.0
POS-00000409,ST-002,2025-01-04,DEBIT,36.62,2.56,0.0
POS-00000410,ST-004,2025-05-08,CASH,38.06,2.66,0.0
POS-00000411,ST-003,2025-08-05,CASH,18.61,1.3,0.0
POS-00000412,ST-001,2025-02-01,CASH,13.33,0.93,0.0
POS-00000413,ST-002,2025-01-09,CASH,18.22,1.28,0.0
POS-00000414,ST-003,2025-11-06,GIFT_CARD,91.34,6.39,0.0
POS-00000415,ST-003,2025-06-04,GIFT_CARD,41.57,2.91,0.0
POS-00000416,ST-001,2025-05-01,GIFT_CARD,23.47,1.64,0.0
POS-00000417,ST-002,2025-06-10,DEBIT,36.96,2.59,0.0
POS-00000418,ST-002,2025-01-13,GIFT_CARD,47.12,3.3,0.0
POS-00000419,ST-004,2025-05-20,DEBIT,50.12,3.51,0.0
POS-00000420,ST-001,2025-08-06,GIFT_CARD,14.58,1.02,0.0
POS-00000421,ST-003,2025-08-13,CREDIT,40.25,2.82,0.0
POS-00000422,ST-002,2025-02-04,GIFT_CARD,20.04,1.4,0.0
POS-00000423,ST-002,2025-01-10,DEBIT,17.63,1.23,0.0
POS-00000424,ST-003,2025-02-11,CREDIT,15.05,1.05,0.0
POS-00000425,ST-002,2025-11-17,CREDIT,42.06,2.94,0.0
POS-00000426,ST-004,2025-06-04,DEBIT,18.3,1.28,0.0
POS-00000427,ST-004,2025-10-14,CASH,171.65,12.02,0.0
POS-00000428,ST-001,2025-07-04,GIFT_CARD,69.72,4.88,0.0
POS-00000429,ST-002,2025-06-11,CREDIT,21.12,1.48,0.0
POS-00000430,ST-004,2025-02-14,GIFT_CARD,84.07,5.88,0.0
POS-00000431,ST-004,2025-09-27,CASH,34.1,2.39,0.0
POS-00000432,ST-003,2025-07-01,GIFT_CARD,111.58,7.81,0.0
POS-00000433,ST-003,2025-04-21,CASH,47.93,3.36,0.0
POS-00000434,ST-004,2025-03-21,CASH,29.54,2.07,0.0
POS-00000435,ST-002,2025-01-13,GIFT_CARD,80.2,5.61,0.0
POS-00000436,ST-004,2025-10-08,GIFT_CARD,12.49,0.87,0.0
POS-00000437,ST-003,2025-12-02,CREDIT,43.6,3.05,0.0
POS-00000438,ST-003,2025-06-20,GIFT_CARD,36.86,2.58,0.0
POS-00000439,ST-004,2025-10-02,DEBIT,50.43,3.53,0.0
POS-00000440,ST-003,2025-10-13,DEBIT,9.2,0.64,0.0
POS-00000441,ST-003,2025-03-06,GIFT_CARD,12.95,0.91,0.0
POS-00000442,ST-004,2025-08-13,DEBIT,59.31,4.15,0.0
POS-00000443,ST-003,2025-12-14,DEBIT,10.75,0.75,0.0
POS-00000444,ST-004,2025-01-14,DEBIT,31.09,2.18,0.0
POS-00000445,ST-003,2025-05-23,CREDIT,47.34,3.31,0.0
POS-00000446,ST-003,2025-03-23,GIFT_CARD,16.26,1.14,0.0
POS-00000447,ST-004,2025-10-28,GIFT_CARD,28.16,1.97,0.0
POS-00000448,ST-002,2025-05-01,CASH,24.76,1.73,0.0
POS-00000449,ST-004,2025-10-05,GIFT_CARD,141.65,9.92,0.0
POS-00000450,ST-004,2025-10-26,CASH,17.67,1.24,0.0
POS-00000451,ST-002,2025-04-24,GIFT_CARD,41.56,2.91,0.0
POS-00000452,ST-001,2025-09-22,GIFT_CARD,14.89,1.04,0.0
POS-00000453,ST-001,2025-01-06,CREDIT,68.48,4.79,0.0
POS-00000454,ST-004,2025-09-24,CASH,11.92,0.83,0.0
POS-00000455,ST-004,2025-06-01,CREDIT,13.72,0.96,0.0
POS-00000456,ST-004,2025-10-19,CASH,63.83,4.47,0.0
POS-00000457,ST-003,2025-08-20,CASH,47.57,3.33,0.0
POS-00000458,ST-002,2025-01-13,DEBIT,14.31,1.0,0.0
POS-00000459,ST-002,2025-04-12,GIFT_CARD,54.02,3.78,0.0
POS-00000460,ST-001,2025-01-10,GIFT_CARD,41.05,2.87,0.0
POS-00000461,ST-003,2025-09-22,CREDIT,19.46,1.36,0.0
POS-00000462,ST-001,2025-12-20,CASH,48.74,3.41,0.0
POS-00000463,ST-001,2025-09-22,CASH,54.71,3.83,0.0
POS-00000464,ST-002,2025-10-19,DEBIT,127.78,8.94,0.0
POS-00000465,ST-003,2025-12-29,GIFT_CARD,22.78,1.59,0.0
POS-00000466,ST-003,2025-04-05,DEBIT,48.31,3.38,0.0
POS-00000467,ST-002,2025-10-06,CREDIT,67.64,4.73,0.0
POS-00000468,ST-003,2025-08-21,CREDIT,69.22,4.85,0.0
POS-00000469,ST-003,2025-01-28,DEBIT,30.26,2.12,0.0
POS-00000470,ST-001,2025-12-31,GIFT_CARD,36.08,2.53,0.0
POS-00000471,ST-002,2025-09-10,DEBIT,36.53,2.56,0.0
POS-00000472,ST-003,2025-12-29,GIFT_CARD,40.5,2.84,0.0
POS-00000473,ST-003,2025-01-11,GIFT_CARD,38.0,2.66,0.0
POS-00000474,ST-002,2025-12-16,CASH,126.84,8.88,0.0
POS-00000475,ST-003,2025-01-12,CASH,74.99,5.25,0.0
POS-00000476,ST-001,2025-01-13,CREDIT,60.39,4.23,0.0
POS-00000477,ST-004,2025-06-21,CASH,13.43,0.94,0.0
POS-00000478,ST-004,2025-09-16,CREDIT,14.98,1.05,0.0
POS-00000479,ST-004,2025-11-24,CREDIT,72.9,5.1,0.0
POS-00000480,ST-003,2025-08-17,CREDIT,122.95,8.61,0.0
POS-00000481,ST-003,2025-06-11,CREDIT,30.14,2.11,0.0
POS-00000482,ST-001,2025-04-19,GIFT_CARD,26.61,1.86,0.0
POS-00000483,ST-002,2025-10-22,CASH,47.42,3.32,0.0
POS-00000484,ST-001,2025-08-24,CASH,58.76,4.11,0.0
POS-00000485,ST-003,2025-04-28,GIFT_CARD,16.53,1.16,0.0
POS-00000486,ST-004,2025-11-30,CREDIT,41.74,2.92,0.0
POS-00000487,ST-002,2025-01-22,GIFT_CARD,20.64,1.44,0.0
POS-00000488,ST-001,2025-11-27,GIFT_CARD,13.55,0.95,0.0
POS-00000489,ST-001,2025-12-30,GIFT_CARD,14.88,1.04,0.0
POS-00000490,ST-003,2025-07-19,GIFT_CARD,28.85,2.02,0.0
POS-00000491,ST-004,2025-01-21,CREDIT,49.55,3.47,0.0
POS-00000492,ST-004,2025-03-22,GIFT_CARD,62.53,4.38,0.0
POS-00000493,ST-002,2025-12-04,CREDIT,19.45,1.36,0.0
POS-00000494,ST-004,2025-09-13,CREDIT,99.33,6.95,0.0
POS-00000495,ST-003,2025-08-01,CASH,36.19,2.53,0.0
POS-00000496,ST-003,2025-12-17,CASH,99.37,6.96,0.0
POS-00000497,ST-003,2025-01-13,CASH,120.1,8.41,0.0
POS-00000498,ST-003,2025-04-26,GIFT_CARD,57.22,4.01,0.0
POS-00000499,ST-003,2025-05-26,GIFT_CARD,7.57,0.53,0.0
POS-00000500,ST-003,2025-10-01,CREDIT,12.09,0.85,0.0
POS-00000501,ST-002,2025-02-25,CREDIT,21.47,1.5,0.0
POS-00000502,ST-003,2025-09-11,CASH,33.16,2.32,0.0
POS-00000503,ST-004,2025-11-21,CASH,35.91,2.51,0.0
POS-00000504,ST-003,2025-03-25,GIFT_CARD,31.95,2.24,0.0
POS-00000505,ST-002,2025-11-23,CREDIT,12.61,0.88,0.0
POS-00000506,ST-003,2025-12-23,GIFT_CARD,10.52,0.74,0.0
POS-00000507,ST-004,2025-06-22,CREDIT,90.12,6.31,0.0
POS-00000508,ST-001,2025-07-17,CASH,38.62,2.7,0.0
POS-00000509,ST-003,2025-07-16,GIFT_CARD,14.88,1.04,0.0
POS-00000510,ST-004,2025-09-04,GIFT_CARD,7.02,0.49,0.0
POS-00000511,ST-001,2025-08-28,DEBIT,94.79,6.64,0.0
POS-00000512,ST-003,2025-10-29,CREDIT,78.88,5.52,0.0
POS-00000513,ST-001,2025-12-29,GIFT_CARD,4.95,0.35,0.0
POS-00000514,ST-002,2025-03-18,CASH,62.42,4.37,0.0
POS-00000515,ST-001,2025-07-13,DEBIT,85.44,5.98,0.0
POS-00000516,ST-004,2025-02-21,CASH,33.18,2.32,0.0
POS-00000517,ST-003,2025-03-08,GIFT_CARD,18.63,1.3,0.0
POS-00000518,ST-004,2025-12-30,GIFT_CARD,24.13,1.69,0.0
POS-00000519,ST-001,2025-08-13,GIFT_CARD,121.76,8.52,0.0
POS-00000520,ST-004,2025-12-29,GIFT_CARD,39.03,2.73,0.0
POS-00000521,ST-002,2025-05-01,GIFT_CARD,39.57,2.77,0.0
POS-00000522,ST-002,2025-02-27,DEBIT,10.33,0.72,0.0
POS-00000523,ST-004,2025-01-15,CREDIT,16.63,1.16,0.0
POS-00000524,ST-004,2025-10-06,CREDIT,103.23,7.23,0.0
POS-00000525,ST-002,2025-11-15,GIFT_CARD,32.48,2.27,0.0
POS-00000526,ST-004,2025-02-22,GIFT_CARD,32.43,2.27,0.0
POS-00000527,ST-001,2025-08-13,GIFT_CARD,50.78,3.55,0.0
POS-00000528,ST-004,2025-07-05,CREDIT,31.93,2.24,0.0
POS-00000529,ST-002,2025-12-31,GIFT_CARD,13.5,0.94,0.0
POS-00000530,ST-001,2025-12-22,GIFT_CARD,50.17,3.51,0.0
POS-00000531,ST-002,2025-09-20,CREDIT,33.31,2.33,0.0
POS-00000532,ST-001,2025-07-28,GIFT_CARD,7.99,0.56,0.0
POS-00000533,ST-002,2025-09-14,DEBIT,76.28,5.34,0.0
POS-00000534,ST-003,2025-10-22,GIFT_CARD,100.68,7.05,0.0
POS-00000535,ST-002,2025-08-02,CREDIT,9.52,0.67,0.0
POS-00000536,ST-003,2025-03-19,CASH,26.03,1.82,0.0
POS-00000537,ST-002,2025-07-05,CREDIT,5.37,0.38,0.0
POS-00000538,ST-004,2025-07-29,GIFT_CARD,46.52,3.26,0.0
POS-00000539,ST-002,2025-06-14,CREDIT,22.36,1.57,0.0
POS-00000540,ST-004,2025-09-20,CASH,58.05,4.06,0.0
POS-00000541,ST-001,2025-04-26,CASH,15.71,1.1,0.0
POS-00000542,ST-004,2025-04-04,DEBIT,8.45,0.59,0.0
POS-00000543,ST-001,2025-03-12,DEBIT,84.05,5.88,0.0
POS-00000544,ST-002,2025-06-27,GIFT_CARD,40.34,2.82,0.0
POS-00000545,ST-001,2025-03-29,CREDIT,31.97,2.24,0.0
POS-00000546,ST-004,2025-07-05,DEBIT,27.79,1.95,0.0
POS-00000547,ST-004,2025-07-09,CASH,63.39,4.44,0.0
POS-00000548,ST-002,2025-08-12,DEBIT,19.9,1.39,0.0
POS-00000549,ST-003,2025-08-09,CREDIT,41.67,2.92,0.0
POS-00000550,ST-003,2025-12-16,DEBIT,129.38,9.06,0.0
POS-00000551,ST-001,2025-01-12,CREDIT,24.33,1.7,0.0
POS-00000552,ST-001,2025-12-17,CREDIT,57.79,4.05,0.0
POS-00000553,ST-001,2025-12-30,GIFT_CARD,185.51,12.99,0.0
POS-00000554,ST-003,2025-03-06,DEBIT,36.96,2.59,0.0
POS-00000555,ST-004,2025-08-29,DEBIT,19.25,1.35,0.0
POS-00000556,ST-004,2025-02-10,CASH,36.57,2.56,0.0
POS-00000557,ST-003,2025-03-29,DEBIT,63.26,4.43,0.0
POS-00000558,ST-002,2025-11-07,CASH,87.55,6.13,0.0
POS-00000559,ST-001,2025-07-15,CASH,129.0,9.03,0.0
POS-00000560,ST-001,2025-02-20,DEBIT,20.52,1.44,0.0
POS-00000561,ST-002,2025-05-25,DEBIT,17.6,1.23,0.0
POS-00000562,ST-003,2025-11-17,DEBIT,42.06,2.94,0.0
POS-00000563,ST-002,2025-03-02,DEBIT,8.51,0.6,0.0
POS-00000564,ST-002,2025-12-23,DEBIT,24.82,1.74,0.0
POS-00000565,ST-003,2025-07-08,GIFT_CARD,69.73,4.88,0.0
POS-00000566,ST-001,2025-03-11,GIFT_CARD,41.62,2.91,0.0
POS-00000567,ST-004,2025-03-19,CASH,422.89,29.6,0.0
POS-00000568,ST-002,2025-04-25,GIFT_CARD,18.66,1.31,0.0
POS-00000569,ST-004,2025-10-08,GIFT_CARD,17.07,1.19,0.0
POS-00000570,ST-001,2025-06-02,GIFT_CARD,28.39,1.99,0.0
POS-00000571,ST-001,2025-08-03,DEBIT,37.53,2.63,0.0
POS-00000572,ST-003,2025-05-17,GIFT_CARD,27.48,1.92,0.0
POS-00000573,ST-002,2025-05-04,CREDIT,21.47,1.5,0.0
POS-00000574,ST-001,2025-07-24,DEBIT,23.01,1.61,0.0
POS-00000575,ST-001,2025-01-09,DEBIT,17.44,1.22,0.0
POS-00000576,ST-004,2025-09-29,DEBIT,4.98,0.35,0.0
POS-00000577,ST-002,2025-04-02,CASH,48.05,3.36,0.0
POS-00000578,ST-002,2025-12-29,GIFT_CARD,13.61,0.95,0.0
POS-00000579,ST-002,2025-07-17,CREDIT,19.4,1.36,0.0
POS-00000580,ST-003,2025-07-28,CASH,32.2,2.25,0.0
POS-00000581,ST-003,2025-04-21,CREDIT,117.49,8.22,0.0
POS-00000582,ST-002,2025-04-16,CREDIT,51.08,3.58,0.0
POS-00000583,ST-001,2025-06-05,CREDIT,19.53,1.37,0.0
POS-00000584,ST-004,2025-12-14,GIFT_CARD,52.4,3.67,0.0
POS-00000585,ST-004,2025-09-27,GIFT_CARD,12.44,0.87,0.0
POS-00000586,ST-003,2025-03-28,GIFT_CARD,48.74,3.41,0.0
POS-00000587,ST-001,2025-02-14,GIFT_CARD,24.0,1.68,0.0
POS-00000588,ST-002,2025-04-09,CASH,5.88,0.41,0.0
POS-00000589,ST-001,2025-11-06,CASH,13.8,0.97,0.0
POS-00000590,ST-001,2025-10-14,DEBIT,37.38,2.62,0.0
POS-00000591,ST-001,2025-01-21,DEBIT,73.65,5.16,0.0
POS-00000592,ST-001,2025-06-29,GIFT_CARD,49.79,3.49,0.0
POS-00000593,ST-001,2025-08-15,CREDIT,41.48,2.9,0.0
POS-00000594,ST-003,2025-06-29,DEBIT,35.87,2.51,0.0
POS-00000595,ST-001,2025-07-25,GIFT_CARD,35.9,2.51,0.0
POS-00000596,ST-002,2025-11-21,CREDIT,50.06,3.5,0.0
POS-00000597,ST-003,2025-05-08,GIFT_CARD,8.97,0.63,0.0
POS-00000598,ST-002,2025-03-11,GIFT_CARD,28.2,1.97,0.0
POS-00000599,ST-004,2025-10-30,GIFT_CARD,9.24,0.65,0.0
POS-00000600,ST-001,2025-05-16,GIFT_CARD,37.0,2.59,0.0
POS-00000601,ST-004,2025-09-03,GIFT_CARD,51.34,3.59,0.0
POS-00000602,ST-002,2025-04-12,DEBIT,106.47,7.45,0.0
POS-00000603,ST-004,2025-06-04,DEBIT,61.53,4.31,0.0
POS-00000604,ST-003,2025-10-11,CASH,118.82,8.32,0.0
POS-00000605,ST-001,2025-08-30,GIFT_CARD,51.62,3.61,0.0
POS-00000606,ST-003,2025-11-26,CREDIT,83.08,5.82,0.0
POS-00000607,ST-001,2025-09-23,CASH,69.82,4.89,0.0
POS-00000608,ST-002,2025-07-08,GIFT_CARD,35.31,2.47,0.0
POS-00000609,ST-004,2025-09-09,CREDIT,61.53,4.31,0.0
POS-00000610,ST-003,2025-05-23,CREDIT,25.71,1.8,0.0
POS-00000611,ST-004,2025-06-17,CREDIT,32.68,2.29,0.0
POS-00000612,ST-003,2025-12-06,CREDIT,19.92,1.39,0.0
POS-00000613,ST-004,2025-08-24,DEBIT,25.39,1.78,0.0
POS-00000614,ST-003,2025-12-31,GIFT_CARD,71.88,5.03,0.0
POS-00000615,ST-003,2025-02-01,GIFT_CARD,24.24,1.7,0.0
POS-00000616,ST-002,2025-12-30,GIFT_CARD,6.05,0.42,0.0
POS-00000617,ST-003,2025-12-17,DEBIT,31.69,2.22,0.0
POS-00000618,ST-001,2025-02-03,DEBIT,7.59,0.53,0.0
POS-00000619,ST-001,2025-09-30,CREDIT,78.98,5.53,0.0
POS-00000620,ST-004,2025-08-17,CASH,36.18,2.53,0.0
POS-00000621,ST-002,2025-02-18,GIFT_CARD,24.71,1.73,0.0
POS-00000622,ST-001,2025-07-26,DEBIT,39.64,2.77,0.0
POS-00000623,ST-002,2025-03-28,DEBIT,66.08,4.63,0.0
POS-00000624,ST-003,2025-11-29,CASH,23.09,1.62,0.0
POS-00000625,ST-001,2025-11-17,GIFT_CARD,174.21,12.19,0.0
POS-00000626,ST-004,2025-03-15,CASH,16.3,1.14,0.0
POS-00000627,ST-004,2025-10-27,CASH,89.12,6.24,0.0
POS-00000628,ST-004,2025-05-02,CREDIT,12.6,0.88,0.0
POS-00000629,ST-002,2025-12-29,DEBIT,11.33,0.79,0.0
POS-00000630,ST-003,2025-11-07,CREDIT,25.94,1.82,0.0
POS-00000631,ST-002,2025-09-19,CREDIT,36.59,2.56,0.0
POS-00000632,ST-002,2025-11-08,GIFT_CARD,41.86,2.93,0.0
POS-00000633,ST-003,2025-05-21,CREDIT,19.86,1.39,0.0
POS-00000634,ST-004,2025-12-29,GIFT_CARD,8.74,0.61,0.0
POS-00000635,ST-002,2025-05-08,CREDIT,31.29,2.19,0.0
POS-00000636,ST-004,2025-09-20,CREDIT,21.75,1.52,0.0
POS-00000637,ST-003,2025-11-27,CREDIT,28.56,2.0,0.0
POS-00000638,ST-001,2025-09-14,DEBIT,23.76,1.66,0.0
POS-00000639,ST-001,2025-05-07,GIFT_CARD,2.22,0.16,0.0
POS-00000640,ST-004,2025-01-03,DEBIT,31.83,2.23,0.0
POS-00000641,ST-002,2025-01-29,DEBIT,5.19,0.36,0.0
POS-00000642,ST-004,2025-09-12,GIFT_CARD,10.19,0.71,0.0
POS-00000643,ST-004,2025-05-10,CASH,61.43,4.3,0.0
POS-00000644,ST-002,2025-04-02,GIFT_CARD,35.75,2.5,0.0
POS-00000645,ST-003,2025-10-02,GIFT_CARD,60.81,4.26,0.0
POS-00000646,ST-003,2025-06-28,CREDIT,21.39,1.5,0.0
POS-00000647,ST-004,2025-03-26,CREDIT,56.04,3.92,0.0
POS-00000648,ST-001,2025-03-02,DEBIT,81.02,5.67,0.0
POS-00000649,ST-002,2025-10-21,CASH,50.46,3.53,0.0
POS-00000650,ST-001,2025-02-11,CREDIT,17.98,1.26,0.0
POS-00000651,ST-003,2025-08-13,CREDIT,32.07,2.24,0.0
POS-00000652,ST-003,2025-08-02,CASH,18.7,1.31,0.0
POS-00000653,ST-002,2025-07-28,GIFT_CARD,22.86,1.6,0.0
POS-00000654,ST-004,2025-03-26,DEBIT,28.07,1.96,0.0
POS-00000655,ST-002,2025-01-08,DEBIT,13.78,0.96,0.0
POS-00000656,ST-001,2025-10-31,GIFT_CARD,33.63,2.35,0.0
POS-00000657,ST-003,2025-04-01,DEBIT,13.92,0.97,0.0
POS-00000658,ST-002,2025-07-07,DEBIT,50.15,3.51,0.0
POS-00000659,ST-001,2025-04-13,CREDIT,45.25,3.17,0.0
POS-00000660,ST-002,2025-02-11,CASH,81.66,5.72,0.0
POS-00000661,ST-001,2025-08-09,DEBIT,15.93,1.12,0.0
POS-00000662,ST-002,2025-01-17,CASH,79.29,5.55,0.0
POS-00000663,ST-003,2025-10-01,CASH,52.72,3.69,0.0
POS-00000664,ST-002,2025-12-29,GIFT_CARD,28.37,1.99,0.0
POS-00000665,ST-001,2025-01-30,CASH,62.68,4.39,0.0
POS-00000666,ST-001,2025-03-09,CASH,12.56,0.88,0.0
POS-00000667,ST-003,2025-10-18,GIFT_CARD,33.66,2.36,0.0
POS-00000668,ST-002,2025-06-08,CASH,12.18,0.85,0.0
POS-00000669,ST-001,2025-08-01,GIFT_CARD,56.58,3.96,0.0
POS-00000670,ST-002,2025-08-21,CREDIT,86.46,6.05,0.0
POS-00000671,ST-004,2025-10-19,GIFT_CARD,21.01,1.47,0.0
POS-00000672,ST-003,2025-09-10,CREDIT,29.96,2.1,0.0
POS-00000673,ST-001,2025-05-01,DEBIT,68.58,4.8,0.0
POS-00000674,ST-002,2025-10-18,CREDIT,20.61,1.44,0.0
POS-00000675,ST-004,2025-09-10,DEBIT,34.92,2.44,0.0
POS-00000676,ST-003,2025-05-01,CREDIT,39.78,2.78,0.0
POS-00000677,ST-004,2025-01-30,CREDIT,11.74,0.82,0.0
POS-00000678,ST-002,2025-03-02,GIFT_CARD,89.62,6.27,0.0
POS-00000679,ST-004,2025-08-16,DEBIT,16.68,1.17,0.0
POS-00000680,ST-003,2025-06-11,CREDIT,23.18,1.62,0.0
POS-00000681,ST-003,2025-08-16,CASH,81.18,5.68,0.0
POS-00000682,ST-004,2025-12-17,DEBIT,150.91,10.56,0.0
POS-00000683,ST-002,2025-10-01,DEBIT,92.79,6.5,0.0
POS-00000684,ST-004,2025-11-07,GIFT_CARD,65.01,4.55,0.0
POS-00000685,ST-004,2025-07-31,DEBIT,31.69,2.22,0.0
POS-00000686,ST-002,2025-10-22,CASH,95.46,6.68,0.0
POS-00000687,ST-001,2025-11-20,CREDIT,11.14,0.78,0.0
POS-00000688,ST-002,2025-01-13,CASH,17.02,1.19,0.0
POS-00000689,ST-001,2025-04-10,DEBIT,34.5,2.42,0.0
POS-00000690,ST-001,2025-12-29,CASH,63.78,4.46,0.0
POS-00000691,ST-004,2025-10-21,CASH,20.65,1.45,0.0
POS-00000692,ST-003,2025-10-30,DEBIT,16.4,1.15,0.0
POS-00000693,ST-003,2025-10-28,CREDIT,45.58,3.19,0.0
POS-00000694,ST-001,2025-08-31,CASH,4.91,0.34,0.0
POS-00000695,ST-001,2025-06-20,CREDIT,135.71,9.5,0.0
POS-00000696,ST-003,2025-05-27,CREDIT,13.17,0.92,0.0
POS-00000697,ST-004,2025-07-19,CREDIT,22.54,1.58,0.0
POS-00000698,ST-002,2025-07-10,DEBIT,105.36,7.38,0.0
POS-00000699,ST-001,2025-03-27,DEBIT,40.56,2.84,0.0
POS-00000700,ST-003,2025-02-20,CASH,51.35,3.59,0.0
POS-00000701,ST-001,2025-12-21,CREDIT,54.82,3.84,0.0
POS-00000702,ST-002,2025-08-21,GIFT_CARD,26.86,1.88,0.0
POS-00000703,ST-004,2025-04-22,CASH,87.99,6.16,0.0
POS-00000704,ST-001,2025-08-18,GIFT_CARD,13.58,0.95,0.0
POS-00000705,ST-002,2025-05-01,CASH,31.6,2.21,0.0
POS-00000706,ST-004,2025-09-01,DEBIT,83.18,5.82,0.0
POS-00000707,ST-002,2025-03-18,CASH,26.99,1.89,0.0
POS-00000708,ST-003,2025-08-20,CREDIT,372.11,26.05,0.0
POS-00000709,ST-004,2025-08-06,DEBIT,26.18,1.83,0.0
POS-00000710,ST-003,2025-02-15,CREDIT,54.46,3.81,0.0
POS-00000711,ST-002,2025-02-24,GIFT_CARD,40.77,2.85,0.0
POS-00000712,ST-003,2025-01-19,CREDIT,17.38,1.22,0.0
POS-00000713,ST-002,2025-02-10,CREDIT,9.07,0.63,0.0
POS-00000714,ST-004,2025-04-11,CASH,26.27,1.84,0.0
POS-00000715,ST-002,2025-08-27,CASH,118.99,8.33,0.0
POS-00000716,ST-001,2025-06-28,GIFT_CARD,34.83,2.44,0.0
POS-00000717,ST-003,2025-03-22,CASH,14.04,0.98,0.0
POS-00000718,ST-003,2025-01-04,CREDIT,60.78,4.25,0.0
POS-00000719,ST-002,2025-02-14,CREDIT,58.27,4.08,0.0
POS-00000720,ST-003,2025-02-11,CREDIT,83.33,5.83,0.0
POS-00000721,ST-004,2025-12-23,CASH,13.4,0.94,0.0
POS-00000722,ST-003,2025-07-08,DEBIT,41.03,2.87,0.0
POS-00000723,ST-002,2025-02-10,CREDIT,53.53,3.75,0.0
POS-00000724,ST-001,2025-03-20,CASH,49.22,3.45,0.0
POS-00000725,ST-002,2025-09-21,CASH,48.26,3.38,0.0
POS-00000726,ST-002,2025-12-29,GIFT_CARD,44.66,3.13,0.0
POS-00000727,ST-004,2025-05-29,DEBIT,19.01,1.33,0.0
POS-00000728,ST-003,2025-03-27,CREDIT,24.78,1.73,0.0
POS-00000729,ST-003,2025-02-07,GIFT_CARD,26.56,1.86,0.0
POS-00000730,ST-004,2025-12-27,GIFT_CARD,106.74,7.47,0.0
POS-00000731,ST-003,2025-11-01,CREDIT,11.32,0.79,0.0
POS-00000732,ST-001,2025-07-14,CASH,69.62,4.87,0.0
POS-00000733,ST-001,2025-01-01,CREDIT,24.0,1.68,0.0
POS-00000734,ST-002,2025-04-09,DEBIT,58.24,4.08,0.0
POS-00000735,ST-003,2025-07-20,CREDIT,24.41,1.71,0.0
POS-00000736,ST-003,2025-06-06,CASH,55.98,3.92,0.0
POS-00000737,ST-004,2025-12-25,CASH,29.57,2.07,0.0
POS-00000738,ST-004,2025-12-03,CASH,30.53,2.14,0.0
POS-00000739,ST-001,2025-04-18,CREDIT,23.47,1.64,0.0
POS-00000740,ST-003,2025-07-01,GIFT_CARD,20.53,1.44,0.0
POS-00000741,ST-004,2025-03-26,DEBIT,29.57,2.07,0.0
POS-00000742,ST-003,2025-12-13,CASH,66.86,4.68,0.0
POS-00000743,ST-001,2025-12-27,CASH,49.28,3.45,0.0
POS-00000744,ST-001,2025-06-09,DEBIT,10.76,0.75,0.0
POS-00000745,ST-001,2025-02-13,GIFT_CARD,58.62,4.1,0.0
POS-00000746,ST-002,2025-03-17,CREDIT,52.83,3.7,0.0
POS-00000747,ST-001,2025-02-11,CASH,33.74,2.36,0.0
POS-00000748,ST-002,2025-07-25,DEBIT,105.13,7.36,0.0
POS-00000749,ST-002,2025-07-23,DEBIT,75.71,5.3,0.0
POS-00000750,ST-003,2025-03-13,DEBIT,73.27,5.13,0.0
POS-00000751,ST-002,2025-05-15,CASH,51.87,3.63,0.0
POS-00000752,ST-004,2025-10-06,DEBIT,14.72,1.03,0.0
POS-00000753,ST-003,2025-05-31,GIFT_CARD,22.94,1.61,0.0
POS-00000754,ST-002,2025-09-18,CREDIT,46.2,3.23,0.0
POS-00000755,ST-003,2025-02-25,CREDIT,17.26,1.21,0.0
POS-00000756,ST-002,2025-03-22,CREDIT,22.95,1.61,0.0
POS-00000757,ST-004,2025-12-12,GIFT_CARD,30.39,2.13,0.0
POS-00000758,ST-002,2025-11-18,CASH,24.37,1.71,0.0
POS-00000759,ST-003,2025-09-30,DEBIT,36.98,2.59,0.0
POS-00000760,ST-001,2025-10-30,GIFT_CARD,56.31,3.94,0.0
POS-00000761,ST-003,2025-01-05,DEBIT,20.66,1.45,0.0
POS-00000762,ST-001,2025-12-19,DEBIT,8.53,0.6,0.0
POS-00000763,ST-002,2025-12-20,CREDIT,55.94,3.92,0.0
POS-00000764,ST-003,2025-08-05,CASH,53.36,3.74,0.0
POS-00000765,ST-001,2025-03-25,CASH,19.23,1.35,0.0
POS-00000766,ST-001,2025-05-19,GIFT_CARD,73.91,5.17,0.0
POS-00000767,ST-001,2025-05-04,DEBIT,100.62,7.04,0.0
POS-00000768,ST-004,2025-10-26,GIFT_CARD,28.46,1.99,0.0
POS-00000769,ST-004,2025-10-20,CREDIT,159.99,11.2,0.0
POS-00000770,ST-001,2025-07-08,CREDIT,16.49,1.15,0.0
POS-00000771,ST-001,2025-03-15,CREDIT,22.03,1.54,0.0
POS-00000772,ST-004,2025-06-12,DEBIT,29.1,2.04,0.0
POS-00000773,ST-001,2025-06-26,CASH,44.01,3.08,0.0
POS-00000774,ST-004,2025-04-03,CREDIT,13.71,0.96,0.0
POS-00000775,ST-003,2025-02-10,DEBIT,13.65,0.96,0.0
POS-00000776,ST-001,2025-12-31,GIFT_CARD,52.28,3.66,0.0
POS-00000777,ST-004,2025-08-13,DEBIT,40.15,2.81,0.0
POS-00000778,ST-004,2025-01-13,DEBIT,32.19,2.25,0.0
POS-00000779,ST-003,2025-10-09,DEBIT,24.73,1.73,0.0
POS-00000780,ST-004,2025-09-01,CREDIT,24.72,1.73,0.0
POS-00000781,ST-003,2025-02-11,CREDIT,171.77,12.02,0.0
POS-00000782,ST-004,2025-10-10,CREDIT,61.36,4.3,0.0
POS-00000783,ST-003,2025-12-20,CASH,15.96,1.12,0.0
POS-00000784,ST-003,2025-05-24,DEBIT,54.38,3.81,0.0
POS-00000785,ST-001,2025-02-23,CREDIT,65.03,4.55,0.0
POS-00000786,ST-002,2025-10-04,DEBIT,48.05,3.36,0.0
POS-00000787,ST-004,2025-11-08,DEBIT,145.09,10.16,0.0
POS-00000788,ST-001,2025-02-28,CREDIT,24.12,1.69,0.0
POS-00000789,ST-004,2025-11-11,CASH,41.14,2.88,0.0
POS-00000790,ST-001,2025-02-06,DEBIT,40.91,2.86,0.0
POS-00000791,ST-002,2025-04-23,CREDIT,15.22,1.07,0.0
POS-00000792,ST-004,2025-01-19,CREDIT,24.78,1.73,0.0
POS-00000793,ST-001,2025-09-10,GIFT_CARD,28.87,2.02,0.0
POS-00000794,ST-004,2025-05-14,GIFT_CARD,99.24,6.95,0.0
POS-00000795,ST-001,2025-08-05,DEBIT,24.37,1.71,0.0
POS-00000796,ST-002,2025-12-29,GIFT_CARD,49.36,3.46,0.0
POS-00000797,ST-002,2025-08-10,GIFT_CARD,52.0,3.64,0.0
POS-00000798,ST-004,2025-08-23,GIFT_CARD,17.93,1.26,0.0
POS-00000799,ST-002,2025-02-18,GIFT_CARD,25.2,1.76,0.0
POS-00000800,ST-002,2025-12-29,GIFT_CARD,29.87,2.09,0.0
POS-00000801,ST-003,2025-08-19,CREDIT,40.94,2.87,0.0
POS-00000802,ST-003,2025-04-29,GIFT_CARD,44.08,3.09,0.0
POS-00000803,ST-003,2025-05-19,DEBIT,38.26,2.68,0.0
POS-00000804,ST-003,2025-10-14,CREDIT,29.31,2.05,0.0
POS-00000805,ST-001,2025-12-29,GIFT_CARD,154.99,10.85,0.0
POS-00000806,ST-001,2025-12-22,GIFT_CARD,42.21,2.95,0.0
POS-00000807,ST-003,2025-05-07,DEBIT,35.44,2.48,0.0
POS-00000808,ST-002,2025-05-30,CASH,16.93,1.19,0.0
POS-00000809,ST-002,2025-09-19,DEBIT,41.7,2.92,0.0
POS-00000810,ST-002,2025-02-06,GIFT_CARD,27.38,1.92,0.0
POS-00000811,ST-001,2025-05-13,DEBIT,9.68,0.68,0.0
POS-00000812,ST-004,2025-12-07,GIFT_CARD,58.05,4.06,0.0
POS-00000813,ST-004,2025-04-24,GIFT_CARD,36.22,2.54,0.0
POS-00000814,ST-001,2025-02-20,GIFT_CARD,53.24,3.73,0.0
POS-00000815,ST-004,2025-07-09,DEBIT,48.8,3.42,0.0
POS-00000816,ST-003,2025-11-27,DEBIT,24.58,1.72,0.0
POS-00000817,ST-003,2025-11-21,CREDIT,20.24,1.42,0.0
POS-00000818,ST-003,2025-09-10,DEBIT,10.97,0.77,0.0
POS-00000819,ST-002,2025-03-29,GIFT_CARD,21.47,1.5,0.0
POS-00000820,ST-002,2025-12-22,CASH,15.53,1.09,0.0
POS-00000821,ST-003,2025-05-22,CREDIT,43.33,3.03,0.0
POS-00000822,ST-003,2025-11-20,CASH,40.54,2.84,0.0
POS-00000823,ST-002,2025-04-30,DEBIT,25.46,1.78,0.0
POS-00000824,ST-001,2025-12-21,CASH,76.47,5.35,0.0
POS-00000825,ST-002,2025-10-10,GIFT_CARD,9.99,0.7,0.0
POS-00000826,ST-004,2025-12-13,CREDIT,8.26,0.58,0.0
POS-00000827,ST-004,2025-07-23,GIFT_CARD,160.17,11.21,0.0
POS-00000828,ST-003,2025-12-30,GIFT_CARD,10.92,0.76,0.0
POS-00000829,ST-003,2025-01-11,CASH,23.93,1.68,0.0
POS-00000830,ST-001,2025-01-02,CREDIT,118.36,8.29,0.0
POS-00000831,ST-001,2025-09-30,DEBIT,13.85,0.97,0.0
POS-00000832,ST-001,2025-11-17,CREDIT,37.69,2.64,0.0
POS-00000833,ST-004,2025-01-04,CASH,65.94,4.62,0.0
POS-00000834,ST-001,2025-03-20,DEBIT,12.14,0.85,0.0
POS-00000835,ST-004,2025-11-16,DEBIT,123.45,8.64,0.0
POS-00000836,ST-003,2025-12-22,CASH,20.88,1.46,0.0
POS-00000837,ST-002,2025-12-31,GIFT_CARD,5.76,0.4,0.0
POS-00000838,ST-004,2025-06-26,DEBIT,11.37,0.8,0.0
POS-00000839,ST-002,2025-10-28,GIFT_CARD,27.48,1.92,0.0
POS-00000840,ST-003,2025-11-28,CASH,22.67,1.59,0.0
POS-00000841,ST-003,2025-09-07,GIFT_CARD,9.16,0.64,0.0
POS-00000842,ST-001,2025-12-30,GIFT_CARD,24.16,1.69,0.0
POS-00000843,ST-004,2025-07-27,DEBIT,25.27,1.77,0.0
POS-00000844,ST-004,2025-05-15,CREDIT,82.09,5.75,0.0
POS-00000845,ST-002,2025-12-31,GIFT_CARD,12.23,0.86,0.0
POS-00000846,ST-003,2025-05-31,CREDIT,53.58,3.75,0.0
POS-00000847,ST-003,2025-12-30,GIFT_CARD,27.99,1.96,0.0
POS-00000848,ST-003,2025-02-22,CASH,74.79,5.24,0.0
POS-00000849,ST-002,2025-04-06,CASH,37.27,2.61,0.0
POS-00000850,ST-001,2025-05-24,CREDIT,18.76,1.31,0.0
POS-00000851,ST-001,2025-04-14,CREDIT,75.8,5.31,0.0
POS-00000852,ST-001,2025-12-19,CASH,22.94,1.61,0.0
POS-00000853,ST-001,2025-05-14,GIFT_CARD,34.51,2.42,0.0
POS-00000854,ST-004,2025-05-26,CREDIT,11.56,0.81,0.0
POS-00000855,ST-002,2025-05-26,DEBIT,15.43,1.08,0.0
POS-00000856,ST-003,2025-07-16,GIFT_CARD,46.24,3.24,0.0
POS-00000857,ST-002,2025-12-30,GIFT_CARD,13.78,0.96,0.0
POS-00000858,ST-001,2025-03-23,CREDIT,38.04,2.66,0.0
POS-00000859,ST-001,2025-12-02,GIFT_CARD,17.59,1.23,0.0
POS-00000860,ST-002,2025-10-10,CASH,12.28,0.86,0.0
POS-00000861,ST-001,2025-01-06,CASH,19.43,1.36,0.0
POS-00000862,ST-004,2025-12-28,CASH,61.37,4.3,0.0
POS-00000863,ST-001,2025-08-26,CREDIT,98.57,6.9,0.0
POS-00000864,ST-004,2025-07-01,DEBIT,16.38,1.15,0.0
POS-00000865,ST-001,2025-07-22,GIFT_CARD,20.0,1.4,0.0
POS-00000866,ST-004,2025-10-17,CASH,15.68,1.1,0.0
POS-00000867,ST-004,2025-08-18,DEBIT,68.05,4.76,0.0
POS-00000868,ST-001,2025-06-14,GIFT_CARD,43.77,3.06,0.0
POS-00000869,ST-003,2025-03-20,CASH,33.29,2.33,0.0
POS-00000870,ST-003,2025-11-12,CREDIT,75.84,5.31,0.0
POS-00000871,ST-002,2025-11-20,CASH,40.14,2.81,0.0
POS-00000872,ST-004,2025-01-15,DEBIT,25.31,1.77,0.0
POS-00000873,ST-003,2025-06-17,GIFT_CARD,5.77,0.4,0.0
POS-00000874,ST-002,2025-08-02,CREDIT,16.89,1.18,0.0
POS-00000875,ST-001,2025-04-28,GIFT_CARD,44.04,3.08,0.0
POS-00000876,ST-004,2025-11-20,GIFT_CARD,5.94,0.42,0.0
POS-00000877,ST-001,2025-04-27,CREDIT,54.5,3.82,0.0
POS-00000878,ST-001,2025-09-02,DEBIT,58.47,4.09,0.0
POS-00000879,ST-001,2025-12-16,DEBIT,35.16,2.46,0.0
POS-00000880,ST-002,2025-11-26,DEBIT,18.5,1.3,0.0
POS-00000881,ST-002,2025-04-30,DEBIT,36.7,2.57,0.0
POS-00000882,ST-001,2025-01-10,CASH,46.48,3.25,0.0
POS-00000883,ST-001,2025-08-13,CASH,35.92,2.51,0.0
POS-00000884,ST-002,2025-12-29,GIFT_CARD,45.44,3.18,0.0
POS-00000885,ST-001,2025-10-28,CREDIT,76.49,5.35,0.0
POS-00000886,ST-003,2025-01-19,DEBIT,35.4,2.48,0.0
POS-00000887,ST-003,2025-09-19,GIFT_CARD,34.66,2.43,0.0
POS-00000888,ST-001,2025-04-15,CASH,19.59,1.37,0.0
POS-00000889,ST-002,2025-06-09,CREDIT,73.76,5.16,0.0
POS-00000890,ST-004,2025-08-18,CASH,22.38,1.57,0.0
POS-00000891,ST-003,2025-09-19,CREDIT,12.79,0.9,0.0
POS-00000892,ST-002,2025-12-29,CASH,43.0,3.01,0.0
POS-00000893,ST-004,2025-06-26,CREDIT,47.56,3.33,0.0
POS-00000894,ST-003,2025-06-08,DEBIT,99.26,6.95,0.0
POS-00000895,ST-002,2025-01-31,GIFT_CARD,83.94,5.88,0.0
POS-00000896,ST-004,2025-12-30,GIFT_CARD,44.26,3.1,0.0
POS-00000897,ST-004,2025-03-03,DEBIT,45.39,3.18,0.0
POS-00000898,ST-001,2025-02-16,GIFT_CARD,23.71,1.66,0.0
POS-00000899,ST-001,2025-10-07,DEBIT,35.49,2.48,0.0
POS-00000900,ST-003,2025-11-16,DEBIT,82.44,5.77,0.0
POS-00000901,ST-004,2025-12-08,CREDIT,8.64,0.6,0.0
POS-00000902,ST-003,2025-10-02,GIFT_CARD,17.26,1.21,0.0
POS-00000903,ST-004,2025-06-12,DEBIT,65.16,4.56,0.0
POS-00000904,ST-004,2025-07-10,CREDIT,94.55,6.62,0.0
POS-00000905,ST-001,2025-10-22,GIFT_CARD,12.28,0.86,0.0
POS-00000906,ST-003,2025-07-08,CASH,6.7,0.47,0.0
POS-00000907,ST-004,2025-09-28,GIFT_CARD,37.34,2.61,0.0
POS-00000908,ST-004,2025-06-04,CASH,11.91,0.83,0.0
POS-00000909,ST-001,2025-05-14,DEBIT,22.53,1.58,0.0
POS-00000910,ST-003,2025-11-06,GIFT_CARD,21.71,1.52,0.0
POS-00000911,ST-002,2025-01-06,CREDIT,12.87,0.9,0.0
POS-00000912,ST-004,2025-05-16,DEBIT,36.93,2.59,0.0
POS-00000913,ST-001,2025-10-21,CREDIT,11.45,0.8,0.0
POS-00000914,ST-003,2025-06-13,CREDIT,52.51,3.68,0.0
POS-00000915,ST-004,2025-12-05,GIFT_CARD,40.5,2.84,0.0
POS-00000916,ST-002,2025-05-22,CREDIT,10.24,0.72,0.0
POS-00000917,ST-004,2025-12-13,CASH,29.23,2.05,0.0
POS-00000918,ST-002,2025-10-13,CASH,19.02,1.33,0.0
POS-00000919,ST-001,2025-11-01,DEBIT,25.61,1.79,0.0
POS-00000920,ST-003,2025-02-13,CREDIT,15.37,1.08,0.0
POS-00000921,ST-002,2025-05-16,DEBIT,37.0,2.59,0.0
POS-00000922,ST-002,2025-01-31,CREDIT,28.98,2.03,0.0
POS-00000923,ST-002,2025-01-27,CREDIT,30.39,2.13,0.0
POS-00000924,ST-004,2025-09-19,GIFT_CARD,45.87,3.21,0.0
POS-00000925,ST-004,2025-08-13,CASH,92.97,6.51,0.0
POS-00000926,ST-003,2025-01-09,GIFT_CARD,60.28,4.22,0.0
POS-00000927,ST-003,2025-11-13,CREDIT,44.76,3.13,0.0
POS-00000928,ST-001,2025-05-01,DEBIT,35.08,2.46,0.0
POS-00000929,ST-002,2025-02-26,CREDIT,52.23,3.66,0.0
POS-00000930,ST-002,2025-01-07,CASH,41.85,2.93,0.0
POS-00000931,ST-003,2025-12-31,GIFT_CARD,19.2,1.34,0.0
POS-00000932,ST-002,2025-11-11,CREDIT,19.06,1.33,0.0
POS-00000933,ST-003,2025-09-19,DEBIT,20.35,1.42,0.0
POS-00000934,ST-004,2025-07-21,GIFT_CARD,64.86,4.54,0.0
POS-00000935,ST-001,2025-11-16,CREDIT,119.44,8.36,0.0
POS-00000936,ST-003,2025-01-19,GIFT_CARD,39.95,2.8,0.0
POS-00000937,ST-002,2025-12-08,CREDIT,50.73,3.55,0.0
POS-00000938,ST-002,2025-09-01,DEBIT,77.48,5.42,0.0
POS-00000939,ST-002,2025-11-01,DEBIT,35.41,2.48,0.0
POS-00000940,ST-002,2025-07-04,DEBIT,12.41,0.87,0.0
POS-00000941,ST-002,2025-04-21,CREDIT,36.48,2.55,0.0
POS-00000942,ST-004,2025-10-10,DEBIT,54.21,3.79,0.0
POS-00000943,ST-002,2025-04-25,CASH,19.02,1.33,0.0
POS-00000944,ST-003,2025-07-16,CASH,87.03,6.09,0.0
POS-00000945,ST-004,2025-01-16,GIFT_CARD,45.82,3.21,0.0
POS-00000946,ST-001,2025-07-08,CASH,92.29,6.46,0.0
POS-00000947,ST-001,2025-12-29,GIFT_CARD,92.41,6.47,0.0
POS-00000948,ST-001,2025-08-04,CASH,26.21,1.83,0.0
POS-00000949,ST-004,2025-09-29,CASH,44.87,3.14,0.0
POS-00000950,ST-003,2025-05-02,DEBIT,130.4,9.13,0.0
POS-00000951,ST-003,2025-01-19,CREDIT,17.64,1.23,0.0
POS-00000952,ST-003,2025-05-13,DEBIT,107.25,7.51,0.0
POS-00000953,ST-001,2025-07-04,GIFT_CARD,57.14,4.0,0.0
POS-00000954,ST-002,2025-04-28,CASH,37.0,2.59,0.0
POS-00000955,ST-004,2025-12-01,GIFT_CARD,37.53,2.63,0.0
POS-00000956,ST-001,2025-11-13,CASH,22.87,1.6,0.0
POS-00000957,ST-003,2025-12-16,CREDIT,85.6,5.99,0.0
POS-00000958,ST-002,2025-09-23,CASH,23.21,1.62,0.0
POS-00000959,ST-001,2025-07-23,DEBIT,7.53,0.53,0.0
POS-00000960,ST-004,2025-12-23,GIFT_CARD,16.35,1.14,0.0
POS-00000961,ST-004,2025-07-28,DEBIT,172.16,12.05,0.0
POS-00000962,ST-002,2025-02-14,CASH,27.23,1.91,0.0
POS-00000963,ST-001,2025-04-18,GIFT_CARD,46.53,3.26,0.0
POS-00000964,ST-004,2025-09-23,GIFT_CARD,38.18,2.67,0.0
POS-00000965,ST-002,2025-12-16,GIFT_CARD,16.01,1.12,0.0
POS-00000966,ST-003,2025-06-26,CREDIT,11.77,0.82,0.0
POS-00000967,ST-004,2025-12-27,CREDIT,91.64,6.41,0.0
POS-00000968,ST-001,2025-10-10,CREDIT,62.39,4.37,0.0
POS-00000969,ST-004,2025-04-10,GIFT_CARD,23.34,1.63,0.0
POS-00000970,ST-001,2025-09-08,DEBIT,50.0,3.5,0.0
POS-00000971,ST-002,2025-05-02,CREDIT,23.89,1.67,0.0
POS-00000972,ST-002,2025-11-12,CREDIT,72.0,5.04,0.0
POS-00000973,ST-002,2025-07-26,GIFT_CARD,18.05,1.26,0.0
POS-00000974,ST-004,2025-11-03,CASH,76.82,5.38,0.0
POS-00000975,ST-003,2025-03-13,CASH,16.08,1.13,0.0
POS-00000976,ST-003,2025-07-16,CREDIT,46.07,3.22,0.0
POS-00000977,ST-003,2025-02-08,CREDIT,26.12,1.83,0.0
POS-00000978,ST-001,2025-09-24,CASH,27.43,1.92,0.0
POS-00000979,ST-004,2025-02-01,DEBIT,19.68,1.38,0.0
POS-00000980,ST-003,2025-03-20,DEBIT,26.3,1.84,0.0
POS-00000981,ST-002,2025-11-22,CASH,6.59,0.46,0.0
POS-00000982,ST-003,2025-12-26,GIFT_CARD,8.56,0.6,0.0
POS-00000983,ST-004,2025-04-28,DEBIT,5.15,0.36,0.0
POS-00000984,ST-002,2025-10-26,DEBIT,14.81,1.04,0.0
POS-00000985,ST-002,2025-05-21,CREDIT,112.53,7.88,0.0
POS-00000986,ST-003,2025-05-08,GIFT_CARD,52.96,3.71,0.0
POS-00000987,ST-003,2025-01-17,CASH,38.45,2.69,0.0
POS-00000988,ST-001,2025-02-20,DEBIT,42.0,2.94,0.0
POS-00000989,ST-002,2025-05-17,DEBIT,120.77,8.45,0.0
POS-00000990,ST-003,2025-05-11,CREDIT,43.72,3.06,0.0
POS-00000991,ST-004,2025-11-26,CASH,73.49,5.14,0.0
POS-00000992,ST-002,2025-09-23,DEBIT,27.62,1.93,0.0
POS-00000993,ST-003,2025-02-21,CREDIT,132.89,9.3,0.0
POS-00000994,ST-001,2025-04-05,CASH,14.59,1.02,0.0
POS-00000995,ST-002,2025-11-09,CASH,10.51,0.74,0.0
POS-00000996,ST-002,2025-10-07,GIFT_CARD,42.24,2.96,0.0
POS-00000997,ST-003,2025-03-30,DEBIT,11.8,0.83,0.0
POS-00000998,ST-003,2025-07-22,DEBIT,35.94,2.52,0.0
POS-00000999,ST-004,2025-04-29,CREDIT,83.9,5.87,0.0
POS-00001000,ST-004,2025-11-02,CASH,11.82,0.83,0.0
POS-00001001,ST-002,2025-02-19,CREDIT,46.02,3.22,0.0
POS-00001002,ST-001,2025-12-30,DEBIT,22.62,1.58,0.0
POS-00001003,ST-003,2025-04-15,DEBIT,200.79,14.06,0.0
POS-00001004,ST-004,2025-06-02,DEBIT,15.78,1.1,0.0
POS-00001005,ST-001,2025-09-11,CREDIT,23.79,1.67,0.0
POS-00001006,ST-003,2025-03-25,GIFT_CARD,16.4,1.15,0.0
POS-00001007,ST-001,2025-07-11,CASH,49.34,3.45,0.0
POS-00001008,ST-004,2025-01-12,CASH,26.02,1.82,0.0
POS-00001009,ST-003,2025-01-15,CASH,22.25,1.56,0.0
POS-00001010,ST-002,2025-12-19,CREDIT,140.84,9.86,0.0
POS-00001011,ST-004,2025-02-10,GIFT_CARD,35.69,2.5,0.0
POS-00001012,ST-003,2025-07-11,CASH,72.52,5.08,0.0
POS-00001013,ST-003,2025-07-30,CASH,91.67,6.42,0.0
POS-00001014,ST-002,2025-07-20,GIFT_CARD,48.5,3.4,0.0
POS-00001015,ST-003,2025-07-30,GIFT_CARD,73.23,5.13,0.0
POS-00001016,ST-004,2025-09-19,GIFT_CARD,60.52,4.24,0.0
POS-00001017,ST-001,2025-01-27,GIFT_CARD,90.45,6.33,0.0
POS-00001018,ST-002,2025-04-25,CASH,53.16,3.72,0.0
POS-00001019,ST-004,2025-07-04,CASH,46.44,3.25,0.0
POS-00001020,ST-003,2025-02-01,CASH,70.19,4.91,0.0
POS-00001021,ST-003,2025-02-02,CREDIT,19.3,1.35,0.0
POS-00001022,ST-004,2025-10-26,GIFT_CARD,74.92,5.24,0.0
POS-00001023,ST-004,2025-09-18,CASH,34.35,2.4,0.0
POS-00001024,ST-001,2025-05-22,CASH,79.17,5.54,0.0
POS-00001025,ST-004,2025-09-09,DEBIT,27.77,1.94,0.0
POS-00001026,ST-003,2025-11-15,CREDIT,17.16,1.2,0.0
POS-00001027,ST-001,2025-11-18,CREDIT,39.11,2.74,0.0
POS-00001028,ST-001,2025-12-01,DEBIT,30.67,2.15,0.0
POS-00001029,ST-004,2025-05-30,GIFT_CARD,6.62,0.46,0.0
POS-00001030,ST-001,2025-06-18,GIFT_CARD,51.18,3.58,0.0
POS-00001031,ST-003,2025-03-09,DEBIT,43.87,3.07,0.0
POS-00001032,ST-001,2025-05-17,CREDIT,23.48,1.64,0.0
POS-00001033,ST-004,2025-09-16,CREDIT,31.57,2.21,0.0
POS-00001034,ST-001,2025-03-05,CREDIT,10.57,0.74,0.0
POS-00001035,ST-001,2025-01-18,CREDIT,76.58,5.36,0.0
POS-00001036,ST-004,2025-08-18,CASH,6.69,0.47,0.0
POS-00001037,ST-004,2025-04-24,CASH,76.3,5.34,0.0
POS-00001038,ST-002,2025-03-25,GIFT_CARD,55.62,3.89,0.0
POS-00001039,ST-001,2025-01-26,CREDIT,59.85,4.19,0.0
POS-00001040,ST-002,2025-02-02,CREDIT,20.16,1.41,0.0
POS-00001041,ST-002,2025-07-30,CREDIT,44.52,3.12,0.0
POS-00001042,ST-001,2025-06-05,DEBIT,19.75,1.38,0.0
POS-00001043,ST-003,2025-01-31,DEBIT,16.31,1.14,0.0
POS-00001044,ST-001,2025-03-11,CASH,11.87,0.83,0.0
POS-00001045,ST-002,2025-02-20,GIFT_CARD,35.78,2.5,0.0
POS-00001046,ST-001,2025-07-01,CREDIT,42.02,2.94,0.0
POS-00001047,ST-004,2025-12-14,DEBIT,18.34,1.28,0.0
POS-00001048,ST-001,2025-11-25,CREDIT,15.75,1.1,0.0
POS-00001049,ST-002,2025-09-10,DEBIT,21.63,1.51,0.0
POS-00001050,ST-001,2025-09-20,CREDIT,65.87,4.61,0.0
POS-00001051,ST-002,2025-07-23,DEBIT,27.74,1.94,0.0
POS-00001052,ST-002,2025-08-22,CREDIT,125.36,8.78,0.0
POS-00001053,ST-004,2025-09-08,GIFT_CARD,54.96,3.85,0.0
POS-00001054,ST-002,2025-02-08,CASH,23.72,1.66,0.0
POS-00001055,ST-002,2025-04-11,CREDIT,158.42,11.09,0.0
POS-00001056,ST-002,2025-11-14,DEBIT,17.63,1.23,0.0
POS-00001057,ST-002,2025-04-11,CASH,46.96,3.29,0.0
POS-00001058,ST-002,2025-10-07,CREDIT,33.31,2.33,0.0
POS-00001059,ST-003,2025-08-23,GIFT_CARD,99.5,6.97,0.0
POS-00001060,ST-003,2025-01-29,DEBIT,84.31,5.9,0.0
POS-00001061,ST-002,2025-11-02,CASH,16.15,1.13,0.0
POS-00001062,ST-004,2025-12-05,CREDIT,54.76,3.83,0.0
POS-00001063,ST-004,2025-11-23,GIFT_CARD,79.2,5.54,0.0
POS-00001064,ST-002,2025-04-21,DEBIT,36.9,2.58,0.0
POS-00001065,ST-002,2025-10-08,GIFT_CARD,65.08,4.56,0.0
POS-00001066,ST-003,2025-05-07,CREDIT,37.46,2.62,0.0
POS-00001067,ST-003,2025-08-25,DEBIT,24.74,1.73,0.0
POS-00001068,ST-002,2025-04-17,CASH,15.23,1.07,0.0
POS-00001069,ST-002,2025-03-09,GIFT_CARD,90.78,6.35,0.0
POS-00001070,ST-003,2025-09-01,CASH,58.15,4.07,0.0
POS-00001071,ST-004,2025-11-14,DEBIT,9.12,0.64,0.0
POS-00001072,ST-004,2025-10-16,GIFT_CARD,32.98,2.31,0.0
POS-00001073,ST-003,2025-12-31,GIFT_CARD,39.08,2.74,0.0
POS-00001074,ST-003,2025-01-24,DEBIT,31.22,2.19,0.0
POS-00001075,ST-001,2025-01-29,GIFT_CARD,53.09,3.72,0.0
POS-00001076,ST-004,2025-07-08,GIFT_CARD,22.4,1.57,0.0
POS-00001077,ST-002,2025-06-14,CASH,25.07,1.75,0.0
POS-00001078,ST-001,2025-09-06,CREDIT,28.09,1.97,0.0
POS-00001079,ST-001,2025-02-03,DEBIT,17.61,1.23,0.0
POS-00001080,ST-002,2025-05-30,CASH,147.64,10.33,0.0
POS-00001081,ST-004,2025-06-06,DEBIT,70.94,4.97,0.0
POS-00001082,ST-001,2025-03-15,CREDIT,43.86,3.07,0.0
POS-00001083,ST-001,2025-12-29,GIFT_CARD,40.62,2.84,0.0
POS-00001084,ST-004,2025-11-24,CASH,21.78,1.52,0.0
POS-00001085,ST-004,2025-11-23,CREDIT,28.73,2.01,0.0
POS-00001086,ST-004,2025-12-31,GIFT_CARD,78.28,5.48,0.0
POS-00001087,ST-004,2025-11-06,CREDIT,19.49,1.36,0.0
POS-00001088,ST-003,2025-11-03,CREDIT,9.99,0.7,0.0
POS-00001089,ST-003,2025-02-20,CASH,23.85,1.67,0.0
POS-00001090,ST-001,2025-08-10,CASH,108.65,7.61,0.0
POS-00001091,ST-003,2025-03-20,CREDIT,40.5,2.84,0.0
POS-00001092,ST-002,2025-08-14,CREDIT,38.8,2.72,0.0
POS-00001093,ST-004,2025-06-10,GIFT_CARD,48.98,3.43,0.0
POS-00001094,ST-003,2025-09-29,DEBIT,69.66,4.88,0.0
POS-00001095,ST-001,2025-11-28,CASH,76.94,5.39,0.0
POS-00001096,ST-004,2025-11-22,DEBIT,121.33,8.49,0.0
POS-00001097,ST-004,2025-08-11,DEBIT,65.71,4.6,0.0
POS-00001098,ST-002,2025-01-10,GIFT_CARD,42.37,2.97,0.0
POS-00001099,ST-002,2025-05-27,CREDIT,55.47,3.88,0.0
POS-00001100,ST-002,2025-12-27,DEBIT,10.59,0.74,0.0
POS-00001101,ST-004,2025-06-14,CREDIT,18.42,1.29,0.0
POS-00001102,ST-001,2025-12-19,DEBIT,246.85,17.28,0.0
POS-00001103,ST-003,2025-06-27,GIFT_CARD,14.52,1.02,0.0
POS-00001104,ST-002,2025-03-22,CREDIT,47.59,3.33,0.0
POS-00001105,ST-003,2025-12-03,CASH,71.96,5.04,0.0
POS-00001106,ST-001,2025-06-02,CREDIT,138.83,9.72,0.0
POS-00001107,ST-003,2025-05-07,DEBIT,63.64,4.45,0.0
POS-00001108,ST-002,2025-07-21,GIFT_CARD,37.54,2.63,0.0
POS-00001109,ST-003,2025-08-13,CREDIT,35.18,2.46,0.0
POS-00001110,ST-004,2025-05-21,CREDIT,41.59,2.91,0.0
POS-00001111,ST-001,2025-03-08,GIFT_CARD,16.61,1.16,0.0
POS-00001112,ST-003,2025-12-22,CASH,4.96,0.35,0.0
POS-00001113,ST-003,2025-05-27,GIFT_CARD,61.11,4.28,0.0
POS-00001114,ST-003,2025-05-25,CASH,220.27,15.42,0.0
POS-00001115,ST-001,2025-04-07,CASH,18.93,1.33,0.0
POS-00001116,ST-003,2025-11-13,GIFT_CARD,18.75,1.31,0.0
POS-00001117,ST-001,2025-08-23,CREDIT,50.54,3.54,0.0
POS-00001118,ST-002,2025-01-29,DEBIT,64.03,4.48,0.0
POS-00001119,ST-002,2025-09-25,DEBIT,10.84,0.76,0.0
POS-00001120,ST-002,2025-10-31,GIFT_CARD,16.85,1.18,0.0
POS-00001121,ST-004,2025-11-25,DEBIT,79.76,5.58,0.0
POS-00001122,ST-001,2025-12-16,GIFT_CARD,45.61,3.19,0.0
POS-00001123,ST-002,2025-10-04,GIFT_CARD,36.73,2.57,0.0
POS-00001124,ST-002,2025-03-22,DEBIT,22.61,1.58,0.0
POS-00001125,ST-003,2025-12-30,CASH,38.89,2.72,0.0
POS-00001126,ST-001,2025-04-11,GIFT_CARD,44.25,3.1,0.0
POS-00001127,ST-001,2025-10-19,CREDIT,7.26,0.51,0.0
POS-00001128,ST-001,2025-12-28,DEBIT,83.51,5.85,0.0
POS-00001129,ST-001,2025-01-10,CASH,18.67,1.31,0.0
POS-00001130,ST-004,2025-05-26,DEBIT,46.0,3.22,0.0
POS-00001131,ST-001,2025-04-06,DEBIT,4.06,0.28,0.0
POS-00001132,ST-003,2025-04-14,DEBIT,131.44,9.2,0.0
POS-00001133,ST-002,2025-11-30,GIFT_CARD,22.47,1.57,0.0
POS-00001134,ST-001,2025-07-31,GIFT_CARD,41.63,2.91,0.0
POS-00001135,ST-004,2025-06-09,CREDIT,13.0,0.91,0.0
POS-00001136,ST-001,2025-10-27,DEBIT,5.17,0.36,0.0
POS-00001137,ST-004,2025-01-31,CASH,57.31,4.01,0.0
POS-00001138,ST-004,2025-10-25,DEBIT,9.86,0.69,0.0
POS-00001139,ST-001,2025-03-07,DEBIT,27.82,1.95,0.0
POS-00001140,ST-003,2025-01-02,DEBIT,99.63,6.97,0.0
POS-00001141,ST-003,2025-07-19,GIFT_CARD,89.14,6.24,0.0
POS-00001142,ST-001,2025-07-22,DEBIT,35.52,2.49,0.0
POS-00001143,ST-001,2025-11-01,CASH,13.01,0.91,0.0
POS-00001144,ST-004,2025-07-04,CREDIT,105.28,7.37,0.0
POS-00001145,ST-004,2025-04-10,CREDIT,22.39,1.57,0.0
POS-00001146,ST-002,2025-12-16,GIFT_CARD,7.45,0.52,0.0
POS-00001147,ST-001,2025-06-22,GIFT_CARD,10.94,0.77,0.0
POS-00001148,ST-004,2025-04-17,CASH,16.79,1.18,0.0
POS-00001149,ST-004,2025-07-28,GIFT_CARD,52.83,3.7,0.0
POS-00001150,ST-004,2025-12-08,DEBIT,42.29,2.96,0.0
POS-00001151,ST-001,2025-05-08,GIFT_CARD,49.1,3.44,0.0
POS-00001152,ST-004,2025-10-25,CREDIT,20.65,1.45,0.0
POS-00001153,ST-002,2025-08-01,DEBIT,71.08,4.98,0.0
POS-00001154,ST-003,2025-07-04,CREDIT,47.54,3.33,0.0
POS-00001155,ST-003,2025-04-08,DEBIT,32.55,2.28,0.0
POS-00001156,ST-001,2025-08-09,CREDIT,63.51,4.45,0.0
POS-00001157,ST-001,2025-11-15,CREDIT,27.38,1.92,0.0
POS-00001158,ST-004,2025-10-25,DEBIT,80.88,5.66,0.0
POS-00001159,ST-001,2025-01-11,DEBIT,105.54,7.39,0.0
POS-00001160,ST-003,2025-11-20,CASH,24.02,1.68,0.0
POS-00001161,ST-001,2025-06-29,CASH,325.58,22.79,0.0
POS-00001162,ST-004,2025-05-22,DEBIT,6.29,0.44,0.0
POS-00001163,ST-003,2025-11-09,GIFT_CARD,43.67,3.06,0.0
POS-00001164,ST-004,2025-12-31,GIFT_CARD,10.43,0.73,0.0
POS-00001165,ST-002,2025-12-30,GIFT_CARD,20.51,1.44,0.0
POS-00001166,ST-003,2025-05-27,CASH,35.76,2.5,0.0
POS-00001167,ST-003,2025-08-08,CASH,3.94,0.28,0.0
POS-00001168,ST-004,2025-03-06,DEBIT,9.68,0.68,0.0
POS-00001169,ST-003,2025-01-30,CASH,27.72,1.94,0.0
POS-00001170,ST-002,2025-03-05,DEBIT,9.74,0.68,0.0
POS-00001171,ST-004,2025-12-20,DEBIT,5.92,0.41,0.0
POS-00001172,ST-002,2025-02-22,DEBIT,71.94,5.04,0.0
POS-00001173,ST-001,2025-08-10,DEBIT,212.22,14.86,0.0
POS-00001174,ST-003,2025-01-06,GIFT_CARD,66.63,4.66,0.0
POS-00001175,ST-004,2025-04-20,CASH,139.47,9.76,0.0
POS-00001176,ST-003,2025-10-04,GIFT_CARD,90.67,6.35,0.0
POS-00001177,ST-003,2025-11-16,DEBIT,96.73,6.77,0.0
POS-00001178,ST-002,2025-03-12,GIFT_CARD,76.77,5.37,0.0
POS-00001179,ST-004,2025-12-11,CASH,56.96,3.99,0.0
POS-00001180,ST-003,2025-12-29,GIFT_CARD,31.02,2.17,0.0
POS-00001181,ST-002,2025-04-18,GIFT_CARD,93.95,6.58,0.0
POS-00001182,ST-003,2025-06-25,DEBIT,62.94,4.41,0.0
POS-00001183,ST-001,2025-02-23,DEBIT,68.61,4.8,0.0
POS-00001184,ST-004,2025-11-11,CASH,122.79,8.6,0.0
POS-00001185,ST-002,2025-02-07,DEBIT,36.25,2.54,0.0
POS-00001186,ST-004,2025-01-21,DEBIT,13.32,0.93,0.0
POS-00001187,ST-004,2025-01-21,CASH,39.96,2.8,0.0
POS-00001188,ST-002,2025-01-30,DEBIT,9.9,0.69,0.0
POS-00001189,ST-001,2025-10-10,CREDIT,53.77,3.76,0.0
POS-00001190,ST-002,2025-03-31,CREDIT,10.67,0.75,0.0
POS-00001191,ST-004,2025-07-12,CREDIT,78.01,5.46,0.0
POS-00001192,ST-003,2025-02-17,GIFT_CARD,34.12,2.39,0.0
POS-00001193,ST-002,2025-07-27,CREDIT,84.34,5.9,0.0
POS-00001194,ST-003,2025-09-23,CREDIT,49.52,3.47,0.0
POS-00001195,ST-004,2025-08-01,GIFT_CARD,33.79,2.37,0.0
POS-00001196,ST-001,2025-12-04,DEBIT,5.62,0.39,0.0
POS-00001197,ST-003,2025-12-29,GIFT_CARD,70.82,4.96,0.0
POS-00001198,ST-001,2025-03-10,CASH,65.86,4.61,0.0
POS-00001199,ST-003,2025-09-16,CREDIT,82.2,5.75,0.0
POS-00001200,ST-003,2025-05-23,GIFT_CARD,76.06,5.32,0.0
