card_id,issued_date,issued_amount,redeemed_amount,expires_date
GC-0000001,2024-03-01,25.0,19.34,2029-07-20
GC-0000002,2024-06-07,75.0,25.24,2028-06-03
GC-0000003,2023-11-18,50.0,4.08,2030-02-14
GC-0000004,2023-11-18,25.0,37.01,2030-11-08
GC-0000005,2024-11-07,75.0,39.99,2030-12-30
GC-0000006,2025-07-20,25.0,59.17,2026-09-25
GC-0000007,2025-06-06,25.0,21.05,2026-07-24
GC-0000008,2025-10-16,75.0,29.65,2027-12-01
GC-0000009,2024-01-02,25.0,13.03,2026-05-24
GC-0000010,2024-06-04,200.0,41.17,2029-06-28
GC-0000011,2023-06-24,75.0,13.25,2029-04-10
GC-0000012,2023-03-26,200.0,39.97,2030-07-24
GC-0000013,2024-08-31,100.0,83.04,2027-02-25
GC-0000014,2024-11-28,50.0,85.03,2028-10-06
GC-0000015,2024-02-12,75.0,97.72,2026-03-07
GC-0000016,2024-10-02,50.0,75.48,2030-01-22
GC-0000017,2024-12-14,25.0,69.58,2029-12-27
GC-0000018,2023-02-24,25.0,74.88,2027-07-14
GC-0000019,2023-06-06,50.0,56.8,2027-12-23
GC-0000020,2024-09-14,200.0,70.11,2029-08-06
GC-0000021,2024-10-10,25.0,28.58,2026-05-04
GC-0000022,2024-05-21,50.0,83.41,2026-10-30
GC-0000023,2023-03-01,50.0,74.19,2027-12-15
GC-0000024,2023-09-30,50.0,56.85,2029-04-23
GC-0000025,2023-06-05,50.0,84.74,2026-04-05
GC-0000026,2023-03-31,200.0,91.43,2026-04-20
GC-0000027,2024-03-23,75.0,14.99,2029-02-24
GC-0000028,2024-06-10,200.0,64.59,2028-09-15
GC-0000029,2024-01-01,75.0,11.48,2027-05-27
GC-0000030,2024-04-29,100.0,13.01,2028-05-05
GC-0000031,2024-09-03,25.0,28.48,2029-05-09
GC-0000032,2025-03-23,200.0,76.99,2028-09-03
GC-0000033,2023-04-04,50.0,89.08,2029-10-17
GC-0000034,2025-09-21,75.0,46.81,2030-12-21
GC-0000035,2023-09-01,50.0,23.55,2030-03-05
GC-0000036,2023-07-14,50.0,27.22,2029-04-21
GC-0000037,2023-11-20,200.0,94.38,2030-04-19
GC-0000038,2025-08-29,100.0,56.07,2027-01-14
GC-0000039,2024-07-20,75.0,85.32,2028-02-04
GC-0000040,2023-09-19,75.0,37.26,2030-08-15
GC-0000041,2025-08-28,50.0,55.23,2030-10-12
GC-0000042,2025-03-09,50.0,85.98,2028-04-17
GC-0000043,2025-04-23,200.0,96.71,2026-12-24
GC-0000044,2023-07-25,200.0,75.43,2029-02-28
GC-0000045,2023-06-18,100.0,62.95,2030-02-18
GC-0000046,2025-03-04,200.0,69.82,2026-09-05
GC-0000047,2024-02-06,200.0,91.61,2027-03-26
GC-0000048,2025-01-04,75.0,44.41,2030-07-23
GC-0000049,2024-01-10,200.0,9.82,2029-04-28
GC-0000050,2023-07-29,100.0,74.12,2026-11-12
GC-0000051,2024-05-25,100.0,98.51,2030-08-01
GC-0000052,2025-12-18,75.0,84.74,2028-02-28
GC-0000053,2024-10-25,100.0,45.27,2030-03-05
GC-0000054,2024-03-25,100.0,32.91,2026-08-30
GC-0000055,2025-05-05,75.0,20.6,2028-06-06
GC-0000056,2024-04-20,200.0,44.54,2027-09-01
GC-0000057,2024-11-30,200.0,5.45,2029-02-18
GC-0000058,2024-04-02,50.0,92.69,2030-04-04
GC-0000059,2023-07-22,25.0,75.37,2029-12-02
GC-0000060,2025-12-08,100.0,6.29,2027-11-16
GC-0000061,2024-12-30,75.0,44.94,2029-04-15
GC-0000062,2023-01-29,25.0,21.98,2027-07-03
GC-0000063,2023-06-14,75.0,44.84,2029-02-24
GC-0000064,2025-12-09,100.0,65.96,2027-12-04
GC-0000065,2025-12-07,200.0,37.29,2030-11-17
GC-0000066,2023-01-22,200.0,15.92,2027-12-11
GC-0000067,2024-12-31,200.0,88.44,2026-10-02
GC-0000068,2023-10-16,200.0,31.85,2027-09-06
GC-0000069,2024-04-21,75.0,71.56,2027-01-27
GC-0000070,2024-11-01,100.0,12.42,2027-07-12
GC-0000071,2023-05-04,200.0,90.33,2026-05-13
GC-0000072,2024-11-23,100.0,86.64,2026-10-21
GC-0000073,2024-06-27,25.0,58.93,2028-10-20
GC-0000074,2024-01-14,75.0,36.33,2027-01-10
GC-0000075,2025-04-30,50.0,64.5,2027-07-20
GC-0000076,2024-03-24,75.0,73.51,2028-03-21
GC-0000077,2024-07-30,75.0,97.04,2029-03-20
GC-0000078,2023-10-25,100.0,3.19,2029-02-27
GC-0000079,2024-11-13,200.0,2.38,2028-10-03
GC-0000080,2025-06-24,200.0,81.53,2028-01-15
GC-0000081,2025-02-20,25.0,63.07,2029-11-12
GC-0000082,2024-11-18,25.0,42.42,2027-06-05
GC-0000083,2024-05-27,200.0,88.46,2029-10-10
GC-0000084,2024-09-25,100.0,92.78,2028-09-10
GC-0000085,2024-02-22,25.0,74.09,2026-02-23
GC-0000086,2024-05-16,25.0,50.51,2028-07-03
GC-0000087,2023-07-13,50.0,69.85,2028-11-08
GC-0000088,2023-02-21,200.0,65.77,2029-01-18
GC-0000089,2024-11-13,75.0,76.55,2029-04-26
GC-0000090,2023-02-28,75.0,39.26,2030-01-29
GC-0000091,2025-10-21,50.0,26.91,2027-09-30
GC-0000092,2025-06-23,100.0,11.82,2026-02-27
GC-0000093,2024-12-28,75.0,51.82,2027-07-12
GC-0000094,2025-11-16,25.0,75.73,2026-08-18
GC-0000095,2025-08-13,25.0,96.75,2027-04-01
GC-0000096,2023-06-07,25.0,51.38,2027-08-18
GC-0000097,2025-09-18,100.0,29.38,2029-04-12
GC-0000098,2023-08-16,75.0,96.73,2026-02-05
GC-0000099,2024-10-05,25.0,94.96,2026-08-12
GC-0000100,2024-06-28,50.0,69.96,2026-02-12
GC-0000101,2023-06-09,200.0,57.26,2028-04-26
GC-0000102,2024-02-22,200.0,88.37,2030-09-08
GC-0000103,2023-11-23,25.0,45.28,2026-06-26
GC-0000104,2023-12-20,100.0,87.18,2029-11-16
GC-0000105,2024-03-21,50.0,20.39,2027-06-03
GC-0000106,2023-05-11,100.0,40.37,2030-04-30
GC-0000107,2023-02-07,75.0,92.75,2028-11-26
GC-0000108,2025-11-27,200.0,17.57,2030-08-16
GC-0000109,2023-12-04,75.0,39.61,2029-04-29
GC-0000110,2024-12-13,200.0,71.45,2027-08-05
GC-0000111,2023-11-30,50.0,69.62,2028-03-20
GC-0000112,2025-08-20,200.0,29.27,2028-12-03
GC-0000113,2024-09-15,50.0,57.14,2026-04-05
GC-0000114,2025-03-22,25.0,15.29,2028-11-09
GC-0000115,2025-09-18,50.0,5.48,2027-12-14
GC-0000116,2024-02-10,100.0,40.76,2029-10-24
GC-0000117,2025-08-12,25.0,81.17,2027-02-16
GC-0000118,2023-08-24,50.0,63.22,2030-04-07
GC-0000119,2025-01-22,200.0,73.89,2030-09-28
GC-0000120,2025-06-24,75.0,98.6,2027-08-20
GC-0000121,2023-08-24,100.0,0.5,2026-02-27
GC-0000122,2024-06-15,75.0,39.81,2026-09-02
GC-0000123,2024-12-03,200.0,38.94,2026-03-11
GC-0000124,2025-12-27,200.0,84.93,2029-05-23
GC-0000125,2024-10-11,100.0,10.38,2029-05-24
GC-0000126,2024-07-08,25.0,28.19,2027-04-26
GC-0000127,2023-06-03,200.0,72.0,2028-03-19
GC-0000128,2023-08-13,75.0,89.71,2028-12-31
GC-0000129,2024-01-02,200.0,9.27,2026-08-01
GC-0000130,2024-03-25,100.0,57.84,2026-09-05
GC-0000131,2025-02-27,25.0,66.53,2027-09-02
GC-0000132,2025-04-22,50.0,62.97,2027-08-03
GC-0000133,2025-01-11,200.0,77.96,2029-01-07
GC-0000134,2023-05-13,75.0,72.23,2029-12-17
GC-0000135,2023-11-18,200.0,81.01,2028-12-25
GC-0000136,2024-09-27,50.0,63.25,2029-07-10
GC-0000137,2024-12-02,75.0,22.59,2027-10-17
GC-0000138,2025-08-21,75.0,95.64,2026-08-02
GC-0000139,2023-10-29,50.0,26.72,2028-02-11
GC-0000140,2024-10-27,75.0,59.97,2026-02-21
GC-0000141,2023-09-20,25.0,43.57,2027-01-27
GC-0000142,2025-02-17,75.0,56.79,2030-12-05
GC-0000143,2025-08-22,25.0,77.65,2026-07-25
GC-0000144,2025-10-23,200.0,27.33,2026-06-09
GC-0000145,2023-07-17,75.0,39.24,2030-05-18
GC-0000146,2025-01-07,75.0,41.11,2029-07-02
GC-0000147,2023-09-28,200.0,38.24,2029-10-23
GC-0000148,2023-04-04,50.0,39.64,2028-02-10
GC-0000149,2025-03-20,200.0,4.13,2026-05-19
GC-0000150,2024-01-07,100.0,2.22,2027-05-19
GC-0000151,2024-08-15,100.0,84.58,2030-02-21
GC-0000152,2025-08-11,75.0,44.26,2027-04-09
GC-0000153,2023-04-25,100.0,43.04,2030-07-07
GC-0000154,2023-08-01,50.0,93.49,2030-06-27
GC-0000155,2023-03-24,75.0,65.59,2030-05-23
GC-0000156,2023-07-06,75.0,39.22,2030-06-03
GC-0000157,2024-10-18,100.0,53.91,2027-03-27
GC-0000158,2024-07-24,200.0,64.91,2027-02-24
GC-0000159,2024-01-01,75.0,12.16,2029-04-01
GC-0000160,2024-11-05,100.0,25.33,2030-07-15
GC-0000161,2023-02-22,200.0,85.4,2029-05-09
GC-0000162,2023-02-17,200.0,58.19,2029-10-26
GC-0000163,2024-05-17,50.0,57.13,2029-02-02
GC-0000164,2024-12-07,200.0,3.17,2028-11-15
GC-0000165,2023-03-22,25.0,26.39,2029-03-02
GC-0000166,2024-01-25,100.0,65.78,2029-04-28
GC-0000167,2025-07-09,75.0,44.03,2027-04-12
GC-0000168,2024-02-28,50.0,42.97,2028-09-18
GC-0000169,2025-05-31,50.0,2.04,2030-02-24
GC-0000170,2024-08-16,200.0,27.21,2029-07-28
GC-0000171,2024-06-25,25.0,88.27,2027-08-11
GC-0000172,2024-01-14,100.0,86.39,2027-07-12
GC-0000173,2023-01-18,75.0,3.63,2026-10-04
GC-0000174,2025-12-01,100.0,56.48,2026-03-08
GC-0000175,2023-11-28,100.0,85.16,2027-02-22
GC-0000176,2025-11-28,75.0,55.49,2027-03-22
GC-0000177,2023-03-03,75.0,15.64,2028-11-29
GC-0000178,2024-10-20,25.0,98.46,2026-08-29
GC-0000179,2025-03-31,100.0,56.41,2027-02-18
GC-0000180,2024-05-19,50.0,73.73,2027-11-09
GC-0000181,2025-10-21,75.0,15.86,2030-02-26
GC-0000182,2023-11-03,200.0,80.35,2028-08-07
GC-0000183,2024-07-26,50.0,63.66,2029-10-30
GC-0000184,2025-08-16,100.0,96.96,2030-05-19
GC-0000185,2025-05-22,200.0,66.29,2026-10-24
GC-0000186,2024-07-07,100.0,10.11,2028-12-09
GC-0000187,2023-08-10,200.0,26.86,2029-06-23
GC-0000188,2023-06-27,50.0,0.68,2030-05-08
GC-0000189,2024-03-18,200.0,89.22,2026-09-08
GC-0000190,2024-09-16,25.0,84.88,2028-10-19
GC-0000191,2025-10-23,25.0,83.87,2030-11-12
GC-0000192,2024-02-24,200.0,88.06,2026-05-02
GC-0000193,2023-10-12,100.0,97.8,2029-08-15
GC-0000194,2023-03-24,25.0,34.32,2030-03-11
GC-0000195,2025-03-17,75.0,49.61,2029-01-15
GC-0000196,2025-04-24,100.0,84.55,2026-03-27
GC-0000197,2023-02-24,50.0,43.86,2028-10-19
GC-0000198,2024-08-08,75.0,92.17,2028-07-19
GC-0000199,2024-02-29,25.0,69.92,2029-10-23
GC-0000200,2025-05-20,25.0,97.68,2030-07-21
GC-0000201,2023-07-06,75.0,70.74,2029-09-09
GC-0000202,2023-03-01,25.0,67.31,2027-06-18
GC-0000203,2023-04-08,100.0,11.71,2027-04-01
GC-0000204,2025-02-20,200.0,37.23,2030-06-04
GC-0000205,2025-04-28,75.0,74.19,2027-12-07
GC-0000206,2023-04-14,100.0,49.24,2028-11-17
GC-0000207,2023-12-04,200.0,60.6,2028-04-06
GC-0000208,2025-11-23,25.0,97.79,2030-07-07
GC-0000209,2024-03-21,100.0,30.01,2027-08-06
GC-0000210,2023-02-13,100.0,20.43,2026-10-13
GC-0000211,2024-06-02,75.0,39.03,2030-05-22
GC-0000212,2024-12-31,200.0,23.71,2027-06-16
GC-0000213,2023-04-21,50.0,0.84,2026-10-03
GC-0000214,2024-08-14,100.0,91.61,2028-03-08
GC-0000215,2025-10-08,200.0,96.05,2028-06-04
GC-0000216,2025-07-11,200.0,71.81,2028-02-25
GC-0000217,2025-08-23,100.0,17.32,2030-03-03
GC-0000218,2023-11-11,25.0,72.48,2030-07-19
GC-0000219,2025-01-23,100.0,11.63,2027-06-19
GC-0000220,2025-07-20,25.0,12.66,2027-12-09
GC-0000221,2023-12-02,50.0,77.33,2027-09-14
GC-0000222,2024-03-26,200.0,75.24,2029-10-20
GC-0000223,2025-03-17,100.0,81.06,2026-12-27
GC-0000224,2024-08-22,25.0,62.84,2027-06-03
GC-0000225,2023-01-17,200.0,85.2,2029-08-29
GC-0000226,2025-08-13,100.0,91.57,2029-04-29
GC-0000227,2023-04-24,100.0,82.56,2029-01-13
GC-0000228,2023-01-27,200.0,26.5,2027-05-01
GC-0000229,2025-11-18,50.0,74.93,2027-01-29
GC-0000230,2024-06-28,200.0,29.9,2030-01-05
GC-0000231,2024-06-07,50.0,98.76,2030-07-26
GC-0000232,2024-04-06,25.0,61.09,2029-03-01
GC-0000233,2025-10-19,25.0,96.13,2030-12-14
GC-0000234,2024-03-13,50.0,56.56,2029-09-19
GC-0000235,2025-04-15,200.0,75.28,2026-07-12
GC-0000236,2023-03-30,25.0,82.39,2029-01-24
GC-0000237,2023-09-24,25.0,76.64,2026-04-04
GC-0000238,2024-03-02,50.0,21.1,2027-09-12
GC-0000239,2024-10-11,200.0,44.58,2026-12-12
GC-0000240,2025-12-03,25.0,84.53,2026-04-06
GC-0000241,2024-10-13,200.0,46.73,2027-03-22
GC-0000242,2025-05-11,75.0,19.77,2027-11-16
GC-0000243,2025-06-15,75.0,94.26,2029-10-05
GC-0000244,2023-05-06,75.0,35.18,2027-01-25
GC-0000245,2025-06-02,25.0,45.38,2026-09-06
GC-0000246,2025-01-20,100.0,35.5,2028-02-01
GC-0000247,2024-11-21,25.0,16.43,2028-11-11
GC-0000248,2025-04-23,100.0,27.16,2026-01-05
GC-0000249,2023-04-12,100.0,81.53,2030-12-11
GC-0000250,2024-12-02,100.0,33.67,2028-08-26
GC-0000251,2023-11-05,75.0,55.18,2029-03-19
GC-0000252,2023-05-01,25.0,54.95,2028-11-08
GC-0000253,2023-03-25,25.0,84.43,2030-05-28
GC-0000254,2023-08-04,75.0,38.51,2030-08-08
GC-0000255,2024-03-16,75.0,10.54,2027-12-09
GC-0000256,2023-09-06,200.0,9.05,2030-03-09
GC-0000257,2024-04-30,25.0,97.16,2028-02-16
GC-0000258,2023-12-24,50.0,59.31,2026-04-10
GC-0000259,2023-01-09,200.0,95.06,2030-08-01
GC-0000260,2025-03-16,100.0,10.74,2027-01-14
GC-0000261,2024-04-06,25.0,44.05,2027-04-18
GC-0000262,2023-09-17,200.0,75.99,2029-03-01
GC-0000263,2024-04-23,25.0,85.66,2028-10-26
GC-0000264,2024-02-14,75.0,79.38,2028-08-11
GC-0000265,2025-11-18,75.0,20.9,2028-09-08
GC-0000266,2025-09-08,25.0,12.98,2026-04-10
GC-0000267,2025-02-17,25.0,76.43,2030-01-09
GC-0000268,2023-03-13,75.0,41.17,2030-03-20
GC-0000269,2025-06-30,50.0,71.5,2028-08-01
GC-0000270,2025-05-29,200.0,31.26,2028-11-11
GC-0000271,2024-05-30,75.0,13.48,2029-08-20
GC-0000272,2025-10-20,100.0,60.28,2027-06-29
GC-0000273,2025-12-25,200.0,26.16,2028-01-20
GC-0000274,2023-08-22,75.0,31.01,2026-12-29
GC-0000275,2023-09-07,25.0,86.08,2030-06-14
GC-0000276,2025-10-05,50.0,88.01,2028-12-16
GC-0000277,2025-12-20,25.0,29.47,2027-02-07
GC-0000278,2023-08-21,100.0,60.83,2027-08-11
GC-0000279,2024-12-05,100.0,46.39,2026-01-25
GC-0000280,2023-08-29,200.0,99.2,2030-04-10
GC-0000281,2023-01-15,25.0,12.34,2030-08-19
GC-0000282,2025-10-02,75.0,11.44,2026-08-30
GC-0000283,2025-09-06,100.0,91.2,2029-08-30
GC-0000284,2023-11-04,75.0,84.72,2027-01-03
GC-0000285,2023-05-03,75.0,69.58,2029-06-15
GC-0000286,2023-01-19,200.0,64.59,2030-02-18
GC-0000287,2024-01-08,100.0,94.71,2028-05-20
GC-0000288,2024-09-07,200.0,22.32,2028-02-14
GC-0000289,2025-10-23,50.0,7.33,2029-04-01
GC-0000290,2024-01-12,200.0,52.21,2030-09-24
GC-0000291,2025-08-04,50.0,87.06,2028-06-14
GC-0000292,2023-07-14,75.0,93.46,2027-05-03
GC-0000293,2024-04-22,25.0,63.81,2029-10-21
GC-0000294,2025-01-05,100.0,54.75,2028-11-20
GC-0000295,2024-11-27,50.0,72.51,2030-06-26
GC-0000296,2023-09-24,25.0,86.19,2026-12-14
GC-0000297,2025-12-08,75.0,34.06,2026-09-09
GC-0000298,2023-06-07,200.0,47.55,2029-02-04
GC-0000299,2023-09-22,50.0,5.78,2029-12-28
GC-0000300,2023-02-17,50.0,28.32,2027-01-28
GC-0000301,2024-11-11,25.0,10.05,2027-03-21
GC-0000302,2025-11-11,200.0,67.84,2030-07-19
GC-0000303,2023-04-02,200.0,59.74,2030-10-06
GC-0000304,2025-04-11,50.0,58.78,2030-08-02
GC-0000305,2023-03-14,25.0,9.3,2026-06-12
GC-0000306,2024-03-26,75.0,62.69,2029-02-06
GC-0000307,2025-10-03,100.0,83.2,2028-12-10
GC-0000308,2025-03-27,25.0,87.5,2029-07-03
GC-0000309,2024-01-26,200.0,73.31,2030-05-07
GC-0000310,2024-09-15,100.0,14.52,2030-05-08
GC-0000311,2023-12-08,75.0,40.65,2028-10-21
GC-0000312,2025-04-28,25.0,60.44,2026-11-02
GC-0000313,2025-04-28,25.0,62.65,2029-09-19
GC-0000314,2024-12-17,200.0,57.11,2027-06-21
GC-0000315,2023-03-10,100.0,80.86,2028-07-13
GC-0000316,2025-08-12,25.0,77.3,2027-01-18
GC-0000317,2024-12-23,75.0,58.53,2029-02-02
GC-0000318,2023-07-24,25.0,21.07,2029-10-05
GC-0000319,2023-08-30,200.0,71.44,2026-10-18
GC-0000320,2023-08-12,200.0,46.43,2028-02-27
GC-0000321,2025-07-13,100.0,72.01,2027-01-29
GC-0000322,2025-01-26,200.0,83.56,2026-02-08
GC-0000323,2024-08-20,50.0,17.11,2029-08-20
GC-0000324,2024-07-29,100.0,55.42,2030-07-08
GC-0000325,2024-12-24,25.0,75.66,2026-01-20
GC-0000326,2024-01-15,25.0,95.52,2030-08-16
GC-0000327,2024-10-03,100.0,80.99,2028-06-18
GC-0000328,2025-08-09,200.0,77.26,2027-10-23
GC-0000329,2023-01-12,200.0,55.93,2028-11-12
GC-0000330,2023-08-15,200.0,9.96,2029-08-01
GC-0000331,2023-11-28,100.0,7.8,2028-11-23
GC-0000332,2025-09-28,200.0,88.53,2027-09-14
GC-0000333,2024-04-20,200.0,94.07,2028-08-01
GC-0000334,2024-09-28,100.0,37.47,2029-11-26
GC-0000335,2024-09-30,25.0,30.42,2027-07-29
GC-0000336,2024-10-25,75.0,34.22,2030-07-19
GC-0000337,2025-03-25,25.0,37.79,2029-05-21
GC-0000338,2023-11-16,100.0,23.89,2029-02-14
GC-0000339,2023-11-09,100.0,47.93,2028-09-24
GC-0000340,2023-07-29,25.0,3.65,2029-04-07
GC-0000341,2024-07-12,75.0,63.0,2029-03-23
GC-0000342,2024-01-13,75.0,13.47,2030-01-14
GC-0000343,2024-04-09,25.0,31.85,2028-05-12
GC-0000344,2024-04-25,25.0,44.29,2028-04-09
GC-0000345,2023-09-14,100.0,50.59,2029-10-01
GC-0000346,2024-10-21,75.0,85.88,2027-07-18
GC-0000347,2025-11-25,100.0,89.65,2026-12-04
GC-0000348,2025-07-14,75.0,96.08,2029-08-30
GC-0000349,2025-11-21,100.0,77.61,2029-10-06
GC-0000350,2023-07-31,50.0,9.68,2029-03-31
GC-0000351,2024-06-14,50.0,81.79,2027-10-26
GC-0000352,2024-12-16,100.0,69.31,2026-10-19
GC-0000353,2024-05-25,100.0,44.48,2028-05-26
GC-0000354,2023-08-21,100.0,81.88,2030-06-26
GC-0000355,2023-07-03,25.0,59.82,2029-09-13
GC-0000356,2025-09-07,50.0,5.63,2026-10-23
GC-0000357,2025-06-07,25.0,57.66,2030-06-11
GC-0000358,2025-03-20,75.0,22.3,2026-07-28
GC-0000359,2024-08-04,25.0,64.15,2027-06-02
GC-0000360,2025-11-01,100.0,54.64,2027-01-05
GC-0000361,2023-02-08,200.0,28.67,2027-04-14
GC-0000362,2025-05-14,25.0,61.87,2028-09-09
GC-0000363,2024-08-10,100.0,12.8,2027-09-29
GC-0000364,2024-04-11,75.0,0.62,2026-04-09
GC-0000365,2025-10-19,25.0,61.84,2027-07-07
GC-0000366,2023-09-16,25.0,13.83,2030-11-26
GC-0000367,2024-06-19,200.0,53.05,2029-07-25
GC-0000368,2024-02-04,200.0,51.68,2029-02-21
GC-0000369,2023-01-21,200.0,13.21,2026-07-20
GC-0000370,2024-09-17,200.0,97.74,2026-12-25
GC-0000371,2024-03-21,75.0,65.54,2030-08-16
GC-0000372,2023-04-06,25.0,52.81,2026-10-06
GC-0000373,2025-06-21,200.0,81.18,2029-06-14
GC-0000374,2023-04-08,50.0,40.58,2027-08-06
GC-0000375,2023-03-29,100.0,47.45,2027-01-24
GC-0000376,2023-09-15,75.0,80.74,2029-10-28
GC-0000377,2025-09-02,25.0,80.08,2028-06-06
GC-0000378,2024-03-08,25.0,92.56,2027-08-25
GC-0000379,2025-08-04,200.0,62.24,2029-08-31
GC-0000380,2023-02-10,200.0,75.49,2026-12-19
GC-0000381,2024-09-01,100.0,66.87,2027-11-23
GC-0000382,2023-09-11,75.0,49.28,2028-12-02
GC-0000383,2025-01-02,200.0,28.26,2030-06-17
GC-0000384,2024-01-04,200.0,66.95,2030-07-08
GC-0000385,2024-11-01,75.0,74.29,2026-01-17
GC-0000386,2023-02-11,75.0,7.83,2028-05-25
GC-0000387,2024-11-02,200.0,25.59,2030-03-20
GC-0000388,2025-03-27,100.0,67.54,2026-05-04
GC-0000389,2025-03-22,50.0,40.61,2026-09-23
GC-0000390,2024-11-07,200.0,23.1,2029-12-29
GC-0000391,2023-05-18,200.0,15.5,2030-12-12
GC-0000392,2023-06-08,25.0,2.9,2028-11-20
GC-0000393,2024-01-17,100.0,74.25,2028-06-10
GC-0000394,2024-10-28,50.0,58.61,2030-04-10
GC-0000395,2024-04-12,75.0,25.08,2026-02-02
GC-0000396,2025-05-16,200.0,16.06,2029-07-21
GC-0000397,2024-07-06,25.0,19.99,2030-03-28
GC-0000398,2024-04-06,75.0,52.94,2029-01-09
GC-0000399,2023-10-26,100.0,68.24,2030-06-04
GC-0000400,2023-04-14,200.0,83.84,2026-08-25
GC-0000401,2023-10-23,100.0,59.19,2026-09-14
GC-0000402,2023-07-25,100.0,92.45,2027-09-09
GC-0000403,2024-08-04,100.0,76.09,2028-10-26
GC-0000404,2025-05-30,75.0,68.02,2026-04-19
GC-0000405,2024-08-01,100.0,60.34,2028-12-25
GC-0000406,2023-01-02,50.0,62.73,2029-04-23
GC-0000407,2023-02-12,25.0,84.46,2029-04-02
GC-0000408,2023-08-11,25.0,35.23,2027-11-29
GC-0000409,2023-11-04,100.0,46.25,2030-06-15
GC-0000410,2024-12-07,100.0,22.25,2028-02-04
GC-0000411,2025-03-04,75.0,93.87,2026-12-19
GC-0000412,2024-10-21,75.0,58.09,2027-12-22
GC-0000413,2023-03-04,75.0,23.45,2026-07-14
GC-0000414,2025-01-19,25.0,56.98,2027-04-30
GC-0000415,2024-10-06,200.0,93.75,2028-10-21
GC-0000416,2023-03-11,25.0,73.89,2029-04-06
GC-0000417,2024-09-27,100.0,16.85,2030-11-17
GC-0000418,2024-09-11,100.0,59.24,2030-04-03
GC-0000419,2024-12-04,25.0,29.23,2026-03-27
GC-0000420,2023-05-26,100.0,30.99,2030-04-22
GC-0000421,2023-04-02,200.0,84.73,2026-02-12
GC-0000422,2024-04-13,50.0,63.02,2029-10-12
GC-0000423,2024-08-31,25.0,54.24,2030-05-04
GC-0000424,2024-02-25,25.0,31.88,2028-01-23
GC-0000425,2025-12-09,50.0,45.86,2030-01-02
GC-0000426,2024-01-10,25.0,24.2,2027-02-20
GC-0000427,2024-05-21,100.0,26.54,2028-02-08
GC-0000428,2025-06-17,75.0,98.67,2029-07-07
GC-0000429,2024-10-03,200.0,81.94,2027-08-18
GC-0000430,2025-02-26,25.0,0.16,2029-07-26
GC-0000431,2024-12-10,100.0,69.2,2028-07-14
GC-0000432,2025-01-04,75.0,75.8,2028-02-07
GC-0000433,2025-04-21,75.0,89.67,2029-07-06
GC-0000434,2024-12-31,50.0,31.44,2030-02-15
GC-0000435,2025-04-27,75.0,4.97,2027-08-27
GC-0000436,2024-05-19,50.0,74.55,2026-04-07
GC-0000437,2025-01-10,50.0,68.24,2030-10-11
GC-0000438,2024-07-07,100.0,96.85,2027-08-23
GC-0000439,2025-09-20,25.0,59.68,2030-03-04
GC-0000440,2025-11-09,50.0,29.38,2028-02-10
GC-0000441,2025-04-04,50.0,34.32,2030-12-20
GC-0000442,2024-09-02,200.0,17.77,2030-12-13
GC-0000443,2025-05-08,75.0,10.16,2027-08-07
GC-0000444,2025-03-26,75.0,75.96,2026-10-25
GC-0000445,2024-05-13,25.0,73.87,2026-02-09
GC-0000446,2025-11-23,75.0,85.37,2030-03-08
GC-0000447,2023-07-11,25.0,80.16,2026-02-12
GC-0000448,2025-07-08,50.0,57.37,2027-09-06
GC-0000449,2023-05-31,75.0,41.82,2029-05-02
GC-0000450,2025-07-31,25.0,19.28,2026-01-15
GC-0000451,2025-02-14,75.0,82.99,2027-09-10
GC-0000452,2024-08-14,200.0,59.29,2026-09-16
GC-0000453,2024-04-16,25.0,66.27,2029-06-21
GC-0000454,2024-05-08,25.0,34.72,2026-06-17
GC-0000455,2025-08-12,75.0,85.96,2029-04-28
GC-0000456,2024-04-14,25.0,91.94,2026-05-08
GC-0000457,2023-04-23,100.0,51.06,2028-09-16
GC-0000458,2025-01-01,50.0,84.43,2027-01-30
GC-0000459,2023-01-12,75.0,81.0,2030-04-16
GC-0000460,2023-07-29,200.0,28.85,2030-01-24
GC-0000461,2024-06-28,25.0,55.87,2029-10-07
GC-0000462,2024-04-11,100.0,50.78,2028-05-13
GC-0000463,2025-01-16,25.0,74.8,2028-01-14
GC-0000464,2023-04-17,100.0,87.13,2028-10-28
GC-0000465,2023-02-01,75.0,64.04,2030-12-19
GC-0000466,2023-10-24,25.0,46.22,2027-11-01
GC-0000467,2025-02-17,200.0,69.87,2030-03-25
GC-0000468,2024-08-13,100.0,32.13,2030-06-17
GC-0000469,2025-08-23,200.0,47.25,2027-07-06
GC-0000470,2024-02-26,100.0,0.69,2030-04-25
GC-0000471,2024-07-04,200.0,96.07,2030-04-02
GC-0000472,2023-05-04,100.0,26.68,2026-12-23
GC-0000473,2024-11-26,50.0,92.01,2029-07-13
GC-0000474,2023-10-30,200.0,14.86,2027-05-10
GC-0000475,2025-09-04,75.0,20.42,2027-02-01
GC-0000476,2023-02-22,100.0,62.24,2027-02-16
GC-0000477,2023-05-16,25.0,85.74,2028-02-16
GC-0000478,2023-06-27,75.0,85.6,2027-09-12
GC-0000479,2024-07-14,100.0,33.76,2028-06-02
GC-0000480,2024-11-13,25.0,94.81,2029-05-18
GC-0000481,2023-02-01,100.0,8.4,2029-04-26
GC-0000482,2025-03-26,200.0,29.0,2028-07-15
GC-0000483,2024-08-25,25.0,68.57,2030-10-27
GC-0000484,2024-10-30,50.0,72.01,2029-11-18
GC-0000485,2024-01-23,200.0,24.87,2026-10-08
GC-0000486,2025-03-16,200.0,97.68,2030-02-19
GC-0000487,2025-05-18,75.0,2.68,2030-02-02
GC-0000488,2025-11-25,50.0,66.09,2027-04-25
GC-0000489,2024-12-04,75.0,95.07,2027-05-25
GC-0000490,2025-05-08,25.0,14.65,2026-09-20
GC-0000491,2024-01-25,200.0,38.62,2029-03-08
GC-0000492,2025-09-05,75.0,25.71,2027-02-18
GC-0000493,2025-10-03,75.0,35.33,2029-11-03
GC-0000494,2023-04-26,25.0,32.46,2028-02-14
GC-0000495,2025-05-05,25.0,60.66,2027-10-10
GC-0000496,2024-03-05,100.0,73.63,2026-09-29
GC-0000497,2024-01-27,200.0,44.35,2029-03-07
GC-0000498,2023-11-21,50.0,47.71,2026-10-16
GC-0000499,2025-01-07,25.0,42.78,2028-08-22
GC-0000500,2025-09-17,200.0,2.71,2026-01-10
GC-0000501,2024-06-29,200.0,80.8,2028-06-15
GC-0000502,2025-01-10,100.0,78.65,2030-01-19
GC-0000503,2024-02-05,100.0,45.51,2026-11-22
GC-0000504,2023-11-20,50.0,45.12,2027-02-12
GC-0000505,2024-04-05,25.0,45.72,2028-07-24
GC-0000506,2023-07-29,200.0,72.45,2028-03-22
GC-0000507,2024-02-18,200.0,35.19,2027-11-19
GC-0000508,2025-07-31,50.0,54.0,2027-02-21
GC-0000509,2025-11-22,75.0,76.2,2029-02-07
GC-0000510,2025-06-05,25.0,39.12,2028-09-19
GC-0000511,2023-03-09,75.0,89.88,2028-08-28
GC-0000512,2024-07-22,50.0,54.43,2029-03-14
GC-0000513,2024-11-14,50.0,32.0,2030-10-14
GC-0000514,2023-12-17,75.0,4.48,2026-10-31
GC-0000515,2025-12-02,50.0,95.46,2028-07-31
GC-0000516,2023-06-27,200.0,88.16,2029-02-08
GC-0000517,2024-05-17,50.0,53.7,2029-06-21
GC-0000518,2025-08-04,100.0,47.34,2028-10-04
GC-0000519,2024-12-27,50.0,24.74,2030-02-13
GC-0000520,2024-10-06,100.0,49.3,2027-05-30
GC-0000521,2023-09-23,50.0,97.93,2026-05-07
GC-0000522,2025-02-12,75.0,54.97,2027-04-20
GC-0000523,2024-12-16,100.0,24.07,2027-06-16
GC-0000524,2025-12-18,75.0,56.86,2029-08-09
GC-0000525,2023-01-19,25.0,59.02,2027-12-21
GC-0000526,2023-02-21,50.0,5.02,2026-09-25
GC-0000527,2025-03-27,200.0,82.68,2026-08-05
GC-0000528,2024-08-28,75.0,57.47,2026-10-14
GC-0000529,2023-03-11,200.0,36.48,2029-09-30
GC-0000530,2023-12-13,50.0,38.58,2026-01-29
GC-0000531,2023-07-03,50.0,20.3,2027-03-29
GC-0000532,2023-10-17,200.0,89.14,2028-06-12
GC-0000533,2025-09-09,100.0,11.99,2029-07-20
GC-0000534,2025-07-24,25.0,22.28,2026-07-30
GC-0000535,2024-01-14,200.0,46.84,2029-01-01
GC-0000536,2025-05-05,75.0,10.34,2026-11-17
GC-0000537,2023-08-19,50.0,77.4,2028-05-24
GC-0000538,2025-12-17,100.0,44.31,2028-08-30
GC-0000539,2024-12-15,200.0,5.81,2030-07-31
GC-0000540,2023-03-25,50.0,59.52,2026-01-11
GC-0000541,2023-12-24,25.0,13.8,2026-03-25
GC-0000542,2024-10-22,75.0,53.94,2026-11-17
GC-0000543,2024-03-04,200.0,8.2,2027-02-03
GC-0000544,2024-08-14,75.0,41.2,2028-10-23
GC-0000545,2024-03-05,25.0,94.79,2028-12-15
GC-0000546,2024-09-22,200.0,4.48,2026-05-20
GC-0000547,2025-10-02,200.0,61.6,2030-05-01
GC-0000548,2025-02-03,50.0,73.28,2026-01-21
GC-0000549,2024-09-05,50.0,49.77,2028-07-29
GC-0000550,2024-01-18,100.0,45.68,2030-10-10
GC-0000551,2025-10-01,25.0,80.66,2027-09-27
GC-0000552,2025-02-07,25.0,83.44,2026-07-05
GC-0000553,2023-01-08,100.0,17.98,2029-04-01
GC-0000554,2023-11-08,200.0,64.12,2028-10-17
GC-0000555,2024-04-27,50.0,83.03,2027-01-09
GC-0000556,2024-04-28,200.0,35.65,2030-09-22
GC-0000557,2023-06-24,75.0,79.18,2030-08-20
GC-0000558,2023-05-06,100.0,51.27,2026-07-04
GC-0000559,2023-07-20,50.0,35.02,2029-04-29
GC-0000560,2025-10-18,75.0,26.01,2026-12-06
GC-0000561,2024-10-29,200.0,41.09,2026-05-25
GC-0000562,2024-12-27,25.0,78.98,2029-08-05
GC-0000563,2023-04-17,100.0,57.56,2027-05-29
GC-0000564,2024-04-25,200.0,17.47,2029-12-08
GC-0000565,2023-08-11,75.0,53.51,2030-08-13
GC-0000566,2024-12-06,100.0,31.8,2030-10-11
GC-0000567,2025-09-27,200.0,43.62,2029-07-27
GC-0000568,2023-07-25,75.0,65.97,2027-02-13
GC-0000569,2025-03-07,25.0,44.59,2029-09-18
GC-0000570,2025-07-29,25.0,7.07,2027-08-29
GC-0000571,2023-05-14,200.0,88.85,2026-11-02
GC-0000572,2024-02-20,200.0,5.64,2028-03-01
GC-0000573,2023-10-04,200.0,97.92,2029-12-12
GC-0000574,2024-04-02,200.0,64.5,2029-06-18
GC-0000575,2025-06-17,100.0,14.87,2029-06-21
GC-0000576,2023-08-29,50.0,36.08,2029-11-30
GC-0000577,2025-03-22,100.0,26.13,2030-11-19
GC-0000578,2023-06-12,50.0,33.99,2028-11-09
GC-0000579,2025-04-28,25.0,44.29,2030-12-06
GC-0000580,2025-02-13,50.0,29.44,2028-02-11
GC-0000581,2023-03-10,100.0,49.63,2030-03-24
GC-0000582,2025-11-08,75.0,96.4,2026-01-22
GC-0000583,2024-03-03,50.0,25.34,2026-06-24
GC-0000584,2023-05-06,50.0,75.08,2029-05-08
GC-0000585,2024-12-15,200.0,8.25,2030-08-25
GC-0000586,2025-02-19,100.0,71.49,2028-10-31
GC-0000587,2024-10-12,75.0,54.99,2030-02-23
GC-0000588,2024-06-20,100.0,28.61,2029-09-17
GC-0000589,2024-03-27,200.0,82.14,2028-10-04
GC-0000590,2024-03-15,50.0,35.92,2030-09-28
GC-0000591,2025-08-03,25.0,28.92,2029-07-06
GC-0000592,2024-05-20,200.0,97.99,2029-03-11
GC-0000593,2025-03-03,50.0,34.68,2026-09-11
GC-0000594,2023-08-02,200.0,35.56,2026-04-28
GC-0000595,2023-06-10,100.0,6.02,2029-02-19
GC-0000596,2024-02-23,200.0,22.66,2029-10-22
GC-0000597,2023-08-18,25.0,93.97,2029-04-24
GC-0000598,2024-05-06,25.0,41.84,2029-01-12
GC-0000599,2024-01-06,200.0,3.8,2026-05-25
GC-0000600,2025-02-19,75.0,57.11,2028-04-01
GC-0000601,2023-01-21,200.0,68.15,2030-06-14
GC-0000602,2024-09-07,50.0,91.67,2027-04-21
GC-0000603,2025-04-20,100.0,9.16,2027-02-09
GC-0000604,2025-04-17,200.0,32.14,2026-08-12
GC-0000605,2023-08-31,25.0,28.84,2028-01-05
GC-0000606,2023-08-24,50.0,6.95,2026-05-15
GC-0000607,2025-10-15,50.0,64.3,2027-05-08
GC-0000608,2023-12-19,100.0,94.94,2026-12-18
GC-0000609,2023-11-12,50.0,70.75,2027-09-24
GC-0000610,2024-03-29,75.0,16.68,2030-06-09
GC-0000611,2024-07-27,50.0,55.95,2027-09-16
GC-0000612,2025-04-24,25.0,63.33,2027-03-08
GC-0000613,2025-05-14,200.0,26.11,2028-10-10
GC-0000614,2025-08-17,200.0,69.43,2028-05-19
GC-0000615,2023-11-20,75.0,20.48,2030-06-22
GC-0000616,2023-05-01,50.0,57.77,2030-03-06
GC-0000617,2023-07-25,200.0,18.56,2027-12-26
GC-0000618,2023-05-25,75.0,69.3,2026-05-10
GC-0000619,2024-02-06,200.0,51.68,2029-03-31
GC-0000620,2025-11-09,100.0,95.57,2030-09-21
GC-0000621,2024-05-09,200.0,76.07,2030-07-16
GC-0000622,2023-10-07,25.0,24.12,2027-12-13
GC-0000623,2025-05-18,25.0,8.24,2026-12-03
GC-0000624,2024-02-14,50.0,37.95,2030-11-14
GC-0000625,2024-01-15,75.0,51.14,2030-10-10
GC-0000626,2023-09-10,75.0,94.86,2029-04-03
GC-0000627,2023-10-21,50.0,78.98,2026-07-04
GC-0000628,2024-10-16,100.0,9.76,2029-03-29
GC-0000629,2024-07-12,75.0,74.34,2029-11-26
GC-0000630,2024-08-04,75.0,74.49,2029-07-11
GC-0000631,2024-01-26,200.0,16.68,2029-11-06
GC-0000632,2025-11-25,75.0,86.29,2026-09-01
GC-0000633,2023-10-18,100.0,79.3,2029-01-01
GC-0000634,2024-07-07,200.0,24.74,2026-08-02
GC-0000635,2025-08-13,50.0,42.65,2030-06-25
GC-0000636,2024-09-24,25.0,19.51,2029-01-13
GC-0000637,2025-02-23,50.0,28.18,2028-07-29
GC-0000638,2025-12-16,200.0,0.24,2030-08-08
GC-0000639,2025-08-16,75.0,65.2,2027-05-13
GC-0000640,2023-08-20,50.0,99.19,2026-02-05
GC-0000641,2023-04-28,100.0,62.4,2026-06-08
GC-0000642,2025-10-28,75.0,99.32,2029-04-29
GC-0000643,2024-03-21,100.0,43.76,2027-02-10
GC-0000644,2025-09-18,75.0,46.88,2030-02-05
GC-0000645,2025-08-23,75.0,81.66,2030-11-23
GC-0000646,2025-04-07,200.0,34.98,2027-10-27
GC-0000647,2025-02-01,25.0,61.24,2028-10-24
GC-0000648,2023-07-02,75.0,87.26,2027-01-26
GC-0000649,2024-06-16,50.0,52.52,2028-06-30
GC-0000650,2023-02-01,75.0,91.51,2029-12-26
GC-0000651,2024-12-01,50.0,31.83,2028-09-07
GC-0000652,2024-01-12,100.0,77.46,2028-12-13
GC-0000653,2023-11-18,50.0,38.52,2026-05-14
GC-0000654,2025-08-16,75.0,53.16,2027-03-06
GC-0000655,2025-01-26,100.0,0.04,2026-02-03
GC-0000656,2023-02-11,50.0,90.97,2027-09-05
GC-0000657,2023-05-22,75.0,86.74,2027-03-03
GC-0000658,2025-08-05,75.0,92.4,2027-07-18
GC-0000659,2025-10-07,100.0,19.17,2029-02-20
GC-0000660,2025-09-26,50.0,96.97,2026-02-21
GC-0000661,2025-06-20,200.0,10.93,2028-02-29
GC-0000662,2025-08-06,200.0,34.82,2026-05-03
GC-0000663,2023-02-07,25.0,41.6,2029-10-31
GC-0000664,2024-09-12,50.0,96.94,2027-06-05
GC-0000665,2024-04-17,25.0,97.86,2029-07-20
GC-0000666,2025-12-19,25.0,37.3,2030-03-06
GC-0000667,2023-05-20,50.0,1.24,2026-09-11
GC-0000668,2023-10-30,200.0,22.65,2027-09-01
GC-0000669,2023-03-27,100.0,70.67,2028-06-27
GC-0000670,2024-04-02,200.0,60.42,2030-09-28
GC-0000671,2023-08-12,200.0,59.37,2029-02-18
GC-0000672,2024-06-13,50.0,71.4,2026-12-30
GC-0000673,2024-08-05,200.0,69.54,2028-10-06
GC-0000674,2024-08-03,50.0,80.77,2029-10-06
GC-0000675,2023-05-28,100.0,1.76,2027-12-03
GC-0000676,2023-10-09,200.0,82.8,2027-09-24
GC-0000677,2024-08-25,25.0,41.26,2028-01-25
GC-0000678,2024-12-11,100.0,18.07,2028-09-13
GC-0000679,2023-07-29,75.0,6.98,2026-12-01
GC-0000680,2024-11-21,100.0,13.57,2026-05-14
GC-0000681,2024-01-29,100.0,45.36,2030-10-15
GC-0000682,2025-07-27,50.0,51.36,2026-04-29
GC-0000683,2023-08-23,75.0,92.37,2027-05-24
GC-0000684,2024-03-17,50.0,8.79,2029-01-17
GC-0000685,2024-11-23,25.0,56.47,2026-05-05
GC-0000686,2025-11-13,100.0,57.45,2030-01-31
GC-0000687,2025-04-29,50.0,5.76,2026-12-03
GC-0000688,2024-03-07,200.0,23.36,2030-08-03
GC-0000689,2024-09-25,75.0,1.74,2028-01-04
GC-0000690,2023-02-12,200.0,4.4,2029-03-17
GC-0000691,2023-06-12,50.0,77.89,2026-04-22
GC-0000692,2024-08-03,50.0,70.05,2028-11-08
GC-0000693,2025-06-29,75.0,70.9,2029-02-24
GC-0000694,2023-04-09,50.0,47.16,2029-05-09
GC-0000695,2025-01-14,100.0,33.17,2029-10-23
GC-0000696,2023-06-18,25.0,38.91,2028-04-05
GC-0000697,2023-05-23,200.0,6.69,2027-04-12
GC-0000698,2024-03-28,25.0,30.88,2026-04-02
GC-0000699,2023-08-22,200.0,32.89,2027-01-23
GC-0000700,2023-05-24,75.0,28.58,2028-10-16
GC-0000701,2025-09-06,25.0,75.66,2029-10-14
GC-0000702,2025-12-09,100.0,77.69,2026-01-02
GC-0000703,2024-10-29,200.0,71.83,2027-08-17
GC-0000704,2023-06-30,75.0,24.58,2029-09-21
GC-0000705,2024-05-29,100.0,24.95,2028-08-22
GC-0000706,2025-10-11,50.0,91.26,2028-09-10
GC-0000707,2025-09-07,50.0,24.1,2026-05-02
GC-0000708,2025-03-17,100.0,55.78,2026-10-01
GC-0000709,2023-09-16,50.0,23.91,2028-01-07
GC-0000710,2024-09-29,50.0,7.41,2027-03-27
GC-0000711,2025-07-16,75.0,37.17,2028-02-25
GC-0000712,2025-02-08,25.0,21.41,2028-04-26
GC-0000713,2023-10-09,75.0,42.2,2030-01-17
GC-0000714,2025-12-10,75.0,97.27,2028-02-04
GC-0000715,2023-03-22,100.0,90.68,2029-06-07
GC-0000716,2025-01-11,75.0,97.14,2026-12-04
GC-0000717,2023-01-27,25.0,88.12,2029-04-23
GC-0000718,2025-02-12,75.0,48.73,2027-09-05
GC-0000719,2024-10-21,200.0,38.73,2030-07-08
GC-0000720,2023-09-21,50.0,16.43,2027-07-28
GC-0000721,2025-11-21,25.0,90.36,2027-06-27
GC-0000722,2024-07-19,75.0,91.4,2029-04-10
GC-0000723,2024-06-04,50.0,96.01,2026-12-19
GC-0000724,2024-04-07,50.0,23.24,2029-08-31
GC-0000725,2024-07-07,75.0,4.81,2027-07-16
GC-0000726,2023-10-12,75.0,48.16,2030-03-09
GC-0000727,2023-05-03,25.0,36.01,2030-10-19
GC-0000728,2024-09-02,75.0,16.82,2030-11-07
GC-0000729,2025-03-19,75.0,21.82,2028-06-16
GC-0000730,2025-06-07,25.0,98.73,2027-10-13
GC-0000731,2025-11-01,25.0,22.94,2027-02-19
GC-0000732,2025-04-22,75.0,11.02,2027-06-19
GC-0000733,2024-03-31,50.0,2.94,2028-10-28
GC-0000734,2024-01-13,25.0,71.34,2027-10-26
GC-0000735,2023-11-12,25.0,46.0,2029-10-07
GC-0000736,2025-10-18,200.0,12.77,2029-03-28
GC-0000737,2023-04-25,25.0,19.18,2029-05-09
GC-0000738,2024-07-23,50.0,19.98,2028-01-23
GC-0000739,2023-10-09,200.0,2.18,2026-01-31
GC-0000740,2024-06-16,100.0,96.78,2027-06-22
GC-0000741,2023-04-23,200.0,78.16,2029-02-28
GC-0000742,2025-09-18,100.0,87.91,2029-08-18
GC-0000743,2025-10-08,25.0,29.16,2028-08-31
GC-0000744,2024-07-01,100.0,90.58,2029-08-19
GC-0000745,2023-08-22,200.0,13.34,2030-11-21
GC-0000746,2025-05-08,75.0,76.99,2029-05-15
GC-0000747,2024-05-18,50.0,60.11,2028-11-07
GC-0000748,2025-03-26,75.0,78.9,2030-05-26
GC-0000749,2025-04-01,100.0,38.02,2028-06-14
GC-0000750,2025-03-23,75.0,7.3,2029-12-23
GC-0000751,2023-07-31,200.0,94.69,2027-08-25
GC-0000752,2025-08-31,50.0,87.4,2028-06-10
GC-0000753,2023-04-30,100.0,69.59,2028-10-10
GC-0000754,2023-05-01,75.0,17.35,2027-06-09
GC-0000755,2025-06-03,75.0,2.22,2030-11-20
GC-0000756,2024-08-09,200.0,8.56,2030-11-14
GC-0000757,2025-04-01,75.0,19.9,2030-06-15
GC-0000758,2025-07-11,25.0,88.94,2029-12-19
GC-0000759,2025-09-12,50.0,39.19,2029-01-14
GC-0000760,2025-05-30,25.0,56.81,2028-10-22
GC-0000761,2025-07-25,75.0,23.66,2028-08-06
GC-0000762,2025-07-10,50.0,63.46,2027-10-01
GC-0000763,2025-07-02,50.0,54.3,2030-03-19
GC-0000764,2025-06-10,75.0,27.12,2030-04-15
GC-0000765,2023-10-01,25.0,55.07,2026-05-24
GC-0000766,2023-02-07,25.0,36.9,2030-09-27
GC-0000767,2023-01-07,50.0,0.49,2027-12-10
GC-0000768,2025-10-27,200.0,47.81,2030-11-21
GC-0000769,2024-06-24,100.0,16.66,2030-02-23
GC-0000770,2024-01-05,100.0,5.68,2027-05-30
GC-0000771,2024-04-10,25.0,42.48,2029-02-06
GC-0000772,2023-08-23,50.0,0.94,2030-04-04
GC-0000773,2025-03-01,100.0,92.58,2027-06-05
GC-0000774,2023-09-01,100.0,26.14,2028-03-06
GC-0000775,2023-06-07,200.0,70.57,2029-11-18
GC-0000776,2025-01-11,25.0,98.49,2029-10-10
GC-0000777,2024-12-31,200.0,50.81,2028-10-30
GC-0000778,2023-02-01,75.0,58.58,2030-01-15
GC-0000779,2023-05-24,200.0,63.91,2027-05-07
GC-0000780,2025-09-26,200.0,86.87,2030-06-24
GC-0000781,2023-03-14,25.0,58.66,2028-01-13
GC-0000782,2023-08-02,75.0,72.16,2029-03-27
GC-0000783,2024-01-27,200.0,70.6,2027-06-25
GC-0000784,2025-05-16,200.0,73.84,2028-02-06
GC-0000785,2023-11-22,50.0,71.06,2029-01-20
GC-0000786,2024-06-06,200.0,87.23,2030-05-23
GC-0000787,2025-07-17,75.0,53.76,2029-08-03
GC-0000788,2025-04-21,25.0,69.42,2028-03-14
GC-0000789,2025-09-19,25.0,74.92,2027-01-01
GC-0000790,2024-06-11,75.0,86.26,2026-09-15
GC-0000791,2025-02-11,50.0,97.29,2027-05-05
GC-0000792,2024-05-31,25.0,46.41,2026-09-07
GC-0000793,2025-02-07,25.0,46.92,2029-10-07
GC-0000794,2025-06-26,25.0,14.3,2027-10-16
GC-0000795,2025-10-20,25.0,84.14,2028-02-12
GC-0000796,2024-02-02,50.0,69.92,2027-05-16
GC-0000797,2023-11-07,200.0,11.05,2029-11-30
GC-0000798,2025-09-21,100.0,83.25,2026-10-12
GC-0000799,2023-01-05,200.0,20.2,2026-12-03
GC-0000800,2025-05-20,100.0,69.05,2030-05-19
GC-0000801,2025-12-23,100.0,65.83,2026-05-11
GC-0000802,2023-11-10,25.0,14.12,2026-09-01
GC-0000803,2025-06-12,100.0,67.88,2029-12-09
GC-0000804,2025-02-19,100.0,15.71,2027-09-18
GC-0000805,2023-12-17,75.0,76.38,2030-01-03
GC-0000806,2025-05-29,75.0,18.92,2027-02-27
GC-0000807,2023-05-10,200.0,80.95,2026-05-23
GC-0000808,2024-05-18,50.0,88.21,2026-03-18
GC-0000809,2023-01-30,100.0,87.39,2028-10-07
GC-0000810,2025-09-30,200.0,24.64,2027-01-12
GC-0000811,2024-09-28,200.0,83.51,2029-05-03
GC-0000812,2025-12-20,50.0,10.05,2028-09-20
GC-0000813,2025-12-25,200.0,69.75,2026-03-14
GC-0000814,2024-03-19,25.0,3.25,2028-10-10
GC-0000815,2023-01-29,100.0,12.73,2030-10-08
GC-0000816,2024-10-26,50.0,65.1,2030-06-04
GC-0000817,2024-04-09,50.0,57.64,2026-02-11
GC-0000818,2024-06-18,75.0,16.17,2030-08-07
GC-0000819,2023-03-19,75.0,63.99,2027-12-19
GC-0000820,2023-08-22,75.0,52.75,2028-09-26
GC-0000821,2024-02-28,25.0,47.82,2029-06-09
GC-0000822,2024-08-08,50.0,78.06,2027-09-26
GC-0000823,2023-12-06,200.0,57.61,2026-08-29
GC-0000824,2023-01-19,50.0,82.39,2026-05-09
GC-0000825,2025-02-27,75.0,39.43,2029-07-10
GC-0000826,2024-05-14,100.0,92.32,2030-11-09
GC-0000827,2025-10-06,50.0,83.91,2030-08-01
GC-0000828,2025-09-08,100.0,61.5,2026-12-03
GC-0000829,2025-07-15,100.0,14.58,2026-01-20
GC-0000830,2023-05-29,75.0,79.67,2026-11-17
GC-0000831,2024-05-25,50.0,0.6,2027-09-16
GC-0000832,2024-04-23,200.0,8.11,2029-09-18
GC-0000833,2025-02-01,25.0,72.34,2029-10-02
GC-0000834,2023-06-10,100.0,84.96,2026-12-31
GC-0000835,2025-02-21,50.0,0.23,2029-05-18
GC-0000836,2023-04-04,100.0,37.75,2026-12-20
GC-0000837,2025-11-03,100.0,16.5,2029-03-08
GC-0000838,2023-08-14,25.0,72.41,2029-09-28
GC-0000839,2025-09-13,200.0,21.4,2028-08-26
GC-0000840,2024-08-28,75.0,23.01,2027-03-27
GC-0000841,2024-05-11,25.0,15.48,2027-03-05
GC-0000842,2023-09-05,25.0,87.75,2029-12-19
GC-0000843,2024-01-07,25.0,88.23,2030-09-28
GC-0000844,2024-12-23,50.0,79.6,2028-03-12
GC-0000845,2025-02-14,50.0,38.46,2027-06-23
GC-0000846,2024-12-25,75.0,28.76,2028-03-30
GC-0000847,2024-03-05,50.0,22.58,2026-10-16
GC-0000848,2025-08-30,100.0,80.38,2027-08-12
GC-0000849,2024-09-01,200.0,53.29,2028-01-14
GC-0000850,2023-04-09,25.0,97.84,2028-08-18
GC-0000851,2025-11-24,25.0,62.13,2030-06-15
GC-0000852,2025-11-27,50.0,2.17,2026-07-24
GC-0000853,2025-06-23,75.0,64.58,2027-08-22
GC-0000854,2025-08-31,200.0,54.49,2028-04-10
GC-0000855,2025-10-06,25.0,66.18,2030-09-12
GC-0000856,2024-10-14,200.0,85.23,2026-06-15
GC-0000857,2024-07-11,50.0,48.87,2027-08-19
GC-0000858,2023-04-30,200.0,88.42,2028-11-21
GC-0000859,2023-08-31,75.0,76.65,2026-03-30
GC-0000860,2023-11-01,100.0,69.95,2028-12-03
GC-0000861,2023-08-02,75.0,13.57,2028-09-24
GC-0000862,2023-08-03,75.0,39.63,2029-01-02
GC-0000863,2023-03-26,100.0,76.38,2026-03-12
GC-0000864,2024-10-19,200.0,81.72,2030-03-17
GC-0000865,2023-03-16,75.0,4.86,2027-08-08
GC-0000866,2024-07-19,100.0,61.11,2030-05-29
GC-0000867,2023-08-04,75.0,49.94,2026-07-18
GC-0000868,2024-12-29,100.0,98.58,2026-07-01
GC-0000869,2023-04-30,50.0,52.75,2029-10-27
GC-0000870,2025-04-22,75.0,67.42,2028-02-29
GC-0000871,2025-04-14,75.0,46.86,2030-08-05
GC-0000872,2023-03-22,75.0,72.49,2030-07-07
GC-0000873,2023-07-23,100.0,17.75,2029-03-26
GC-0000874,2024-12-12,25.0,47.59,2030-10-30
GC-0000875,2025-09-26,50.0,39.16,2028-05-30
GC-0000876,2023-04-11,50.0,66.18,2030-03-03
GC-0000877,2023-10-21,25.0,95.96,2029-10-23
GC-0000878,2024-08-19,200.0,85.12,2030-06-18
GC-0000879,2025-02-05,100.0,12.51,2028-10-01
GC-0000880,2024-10-09,25.0,5.76,2027-06-04
GC-0000881,2025-11-28,50.0,77.98,2030-10-14
GC-0000882,2023-08-16,25.0,80.44,2030-11-03
GC-0000883,2024-05-15,25.0,24.55,2026-04-20
GC-0000884,2025-01-22,50.0,77.26,2028-12-25
GC-0000885,2023-02-21,75.0,61.05,2026-08-02
GC-0000886,2025-01-15,25.0,73.88,2026-12-12
GC-0000887,2024-08-01,75.0,76.6,2028-04-05
GC-0000888,2024-04-22,200.0,30.82,2029-12-11
GC-0000889,2024-05-08,100.0,88.46,2030-12-23
GC-0000890,2023-11-12,25.0,56.25,2029-08-02
GC-0000891,2024-07-17,25.0,97.07,2030-08-23
GC-0000892,2023-09-11,50.0,32.6,2030-04-12
GC-0000893,2024-10-04,200.0,78.82,2030-08-29
GC-0000894,2023-08-08,100.0,24.46,2030-08-23
GC-0000895,2025-02-20,50.0,94.43,2029-12-24
GC-0000896,2025-09-25,200.0,50.12,2030-02-09
GC-0000897,2023-10-17,100.0,81.37,2029-03-01
GC-0000898,2025-09-30,75.0,42.36,2028-12-13
GC-0000899,2023-11-01,50.0,29.03,2027-05-01
GC-0000900,2024-07-24,100.0,36.85,2027-01-12
GC-0000901,2024-12-14,75.0,83.91,2029-05-28
GC-0000902,2023-01-07,50.0,94.17,2027-08-18
GC-0000903,2023-06-28,25.0,58.32,2029-03-04
GC-0000904,2024-04-12,25.0,30.39,2029-07-19
GC-0000905,2025-06-24,75.0,4.63,2030-02-19
GC-0000906,2025-09-02,25.0,72.02,2029-04-30
GC-0000907,2024-08-03,50.0,7.64,2030-05-03
GC-0000908,2023-05-24,25.0,50.24,2029-04-24
GC-0000909,2025-09-05,25.0,20.05,2028-12-28
GC-0000910,2025-12-29,100.0,93.47,2027-05-10
GC-0000911,2025-02-18,75.0,19.14,2028-02-19
GC-0000912,2024-02-23,75.0,16.88,2029-10-03
GC-0000913,2024-01-04,100.0,20.34,2027-04-14
GC-0000914,2025-10-09,200.0,57.98,2030-11-25
GC-0000915,2024-04-29,100.0,20.7,2028-01-25
GC-0000916,2025-09-09,25.0,98.72,2028-03-04
GC-0000917,2023-08-02,50.0,89.25,2028-01-02
GC-0000918,2025-01-22,75.0,20.32,2026-06-26
GC-0000919,2024-09-27,200.0,3.11,2029-04-17
GC-0000920,2025-01-15,75.0,99.2,2029-01-08
GC-0000921,2023-03-05,75.0,63.58,2027-04-19
GC-0000922,2023-07-15,50.0,33.5,2029-07-01
GC-0000923,2023-11-15,25.0,26.58,2029-11-09
GC-0000924,2024-05-10,50.0,56.24,2028-05-12
GC-0000925,2025-02-09,200.0,74.06,2027-07-16
GC-0000926,2024-11-28,75.0,73.76,2027-09-08
GC-0000927,2023-02-14,25.0,57.45,2026-04-06
GC-0000928,2023-12-29,75.0,58.52,2030-10-15
GC-0000929,2025-06-25,75.0,5.75,2028-10-04
GC-0000930,2025-03-12,75.0,27.78,2026-09-16
GC-0000931,2024-03-18,100.0,50.48,2027-04-11
GC-0000932,2025-08-18,25.0,57.14,2026-08-08
GC-0000933,2023-11-12,25.0,15.06,2027-12-01
GC-0000934,2025-10-22,50.0,52.96,2029-09-22
GC-0000935,2025-12-27,75.0,17.53,2029-01-25
GC-0000936,2024-05-19,75.0,15.25,2026-04-05
GC-0000937,2025-11-02,200.0,1.8,2026-06-28
GC-0000938,2024-11-18,50.0,10.71,2029-08-27
GC-0000939,2023-12-31,50.0,32.85,2029-11-21
GC-0000940,2025-09-18,100.0,73.09,2028-12-13
GC-0000941,2025-03-31,25.0,21.67,2026-02-04
GC-0000942,2024-03-07,25.0,24.59,2027-09-25
GC-0000943,2025-04-01,100.0,78.57,2026-06-28
GC-0000944,2023-07-02,75.0,51.79,2026-04-15
GC-0000945,2025-12-30,25.0,39.04,2030-03-18
GC-0000946,2025-12-15,100.0,26.52,2029-09-02
GC-0000947,2024-07-18,75.0,85.55,2028-12-18
GC-0000948,2023-08-15,100.0,44.52,2027-08-25
GC-0000949,2024-06-13,75.0,52.26,2029-01-23
GC-0000950,2025-10-19,50.0,26.13,2027-05-05
GC-0000951,2024-11-18,75.0,83.64,2029-03-17
GC-0000952,2023-11-03,200.0,84.46,2030-01-05
GC-0000953,2025-12-01,50.0,87.19,2029-11-15
GC-0000954,2025-10-29,100.0,17.19,2030-02-12
GC-0000955,2025-12-16,100.0,57.31,2028-08-13
GC-0000956,2024-07-01,50.0,48.38,2029-11-29
GC-0000957,2025-02-11,100.0,87.02,2029-04-20
GC-0000958,2023-11-29,25.0,31.32,2029-10-24
GC-0000959,2023-04-22,200.0,65.96,2027-05-23
GC-0000960,2023-09-11,100.0,91.64,2027-07-17
GC-0000961,2024-04-17,50.0,15.14,2030-05-19
GC-0000962,2024-10-21,50.0,89.75,2030-03-27
GC-0000963,2023-03-13,200.0,30.52,2030-08-02
GC-0000964,2025-09-02,50.0,38.01,2027-09-02
GC-0000965,2024-10-13,50.0,58.28,2030-10-02
GC-0000966,2025-03-21,25.0,78.09,2028-02-02
GC-0000967,2025-03-16,200.0,80.02,2029-09-03
GC-0000968,2025-08-13,75.0,51.77,2029-12-01
GC-0000969,2024-04-24,75.0,55.35,2028-05-02
GC-0000970,2023-01-15,50.0,55.55,2029-11-22
GC-0000971,2025-06-14,25.0,92.11,2030-07-09
GC-0000972,2025-11-12,100.0,14.55,2030-02-03
GC-0000973,2023-09-12,200.0,81.62,2026-07-29
GC-0000974,2023-04-27,100.0,86.22,2030-02-13
GC-0000975,2024-10-23,100.0,64.56,2030-10-30
GC-0000976,2023-09-04,50.0,13.9,2028-11-26
GC-0000977,2023-04-10,50.0,43.84,2027-01-30
GC-0000978,2025-07-20,100.0,14.02,2030-07-06
GC-0000979,2024-12-09,200.0,6.33,2030-12-07
GC-0000980,2025-05-24,100.0,30.31,2027-07-24
GC-0000981,2023-04-25,25.0,21.4,2029-02-10
GC-0000982,2025-12-29,200.0,19.37,2027-07-16
GC-0000983,2024-03-09,100.0,59.26,2030-10-21
GC-0000984,2024-12-05,75.0,8.97,2027-01-15
GC-0000985,2023-06-07,75.0,43.84,2030-08-14
GC-0000986,2025-04-25,200.0,72.81,2030-05-17
GC-0000987,2023-12-11,25.0,3.68,2028-01-11
GC-0000988,2023-10-08,100.0,29.73,2026-01-25
GC-0000989,2024-02-25,50.0,89.91,2028-03-17
GC-0000990,2025-01-09,50.0,59.42,2028-03-05
GC-0000991,2023-03-12,25.0,82.19,2029-07-14
GC-0000992,2023-09-26,25.0,19.18,2026-02-07
GC-0000993,2025-06-17,25.0,87.65,2027-02-04
GC-0000994,2025-07-16,200.0,40.07,2028-01-15
GC-0000995,2023-10-13,50.0,14.97,2027-01-14
GC-0000996,2024-11-19,100.0,12.19,2027-04-07
GC-0000997,2023-05-07,25.0,33.82,2026-02-21
GC-0000998,2023-06-21,75.0,99.31,2030-04-15
GC-0000999,2024-11-11,50.0,9.73,2027-08-30
GC-0001000,2025-06-01,100.0,36.8,2027-01-10
GC-0001001,2024-05-28,75.0,1.88,2027-02-22
GC-0001002,2025-03-22,100.0,82.02,2029-06-16
GC-0001003,2023-07-01,25.0,91.28,2029-11-15
GC-0001004,2024-07-11,200.0,95.44,2026-08-01
GC-0001005,2025-12-04,25.0,57.09,2029-07-01
GC-0001006,2025-10-24,200.0,67.85,2027-06-22
GC-0001007,2023-07-28,200.0,83.23,2026-09-09
GC-0001008,2023-03-16,25.0,61.24,2029-04-15
GC-0001009,2024-08-30,200.0,90.79,2029-03-15
GC-0001010,2024-06-08,25.0,0.18,2029-06-26
GC-0001011,2024-03-16,25.0,54.98,2027-05-31
GC-0001012,2025-10-23,50.0,48.39,2028-04-12
GC-0001013,2023-06-15,75.0,77.31,2028-05-31
GC-0001014,2024-01-18,25.0,28.16,2028-09-28
GC-0001015,2024-09-25,50.0,47.39,2027-05-25
GC-0001016,2024-10-21,50.0,31.61,2029-07-09
GC-0001017,2023-11-16,200.0,85.51,2027-11-15
GC-0001018,2024-08-02,100.0,21.48,2028-11-07
GC-0001019,2025-06-10,25.0,79.18,2028-07-23
GC-0001020,2024-04-01,25.0,86.85,2030-07-19
GC-0001021,2025-12-25,25.0,58.12,2026-08-16
GC-0001022,2024-10-06,75.0,76.21,2027-05-03
GC-0001023,2024-08-09,200.0,30.26,2029-08-03
GC-0001024,2023-09-17,50.0,49.4,2028-07-27
GC-0001025,2025-07-11,25.0,60.07,2028-09-11
GC-0001026,2024-03-17,200.0,45.84,2029-12-23
GC-0001027,2024-02-06,25.0,57.23,2026-08-17
GC-0001028,2023-07-26,75.0,40.52,2029-07-23
GC-0001029,2024-04-21,25.0,99.37,2030-01-31
GC-0001030,2025-08-28,100.0,78.02,2028-02-24
GC-0001031,2023-12-16,200.0,41.75,2027-09-17
GC-0001032,2024-06-07,50.0,83.49,2030-08-08
GC-0001033,2024-04-01,75.0,83.74,2028-01-16
GC-0001034,2023-12-13,75.0,87.42,2030-01-24
GC-0001035,2023-06-20,200.0,94.6,2026-08-30
GC-0001036,2025-04-06,50.0,44.98,2027-11-04
GC-0001037,2024-02-23,25.0,63.11,2026-07-20
GC-0001038,2024-08-23,200.0,37.71,2026-05-31
GC-0001039,2024-12-21,50.0,21.13,2027-05-30
GC-0001040,2023-04-06,50.0,13.09,2030-03-12
GC-0001041,2023-01-22,50.0,71.9,2026-07-09
GC-0001042,2025-12-08,75.0,44.42,2026-07-10
GC-0001043,2023-11-18,200.0,10.52,2030-03-17
GC-0001044,2024-08-01,75.0,71.59,2026-10-24
GC-0001045,2024-06-14,50.0,41.03,2029-06-01
GC-0001046,2025-08-05,200.0,62.1,2029-11-23
GC-0001047,2025-08-03,200.0,34.56,2029-12-27
GC-0001048,2025-08-16,100.0,97.64,2026-07-31
GC-0001049,2024-09-09,100.0,69.84,2030-02-23
GC-0001050,2023-10-06,75.0,62.46,2028-09-02
GC-0001051,2024-10-04,75.0,18.81,2029-04-12
GC-0001052,2025-03-05,200.0,21.07,2028-08-12
GC-0001053,2025-07-24,25.0,94.16,2029-09-11
GC-0001054,2023-10-06,100.0,94.79,2029-02-21
GC-0001055,2023-05-15,50.0,5.11,2030-11-11
GC-0001056,2025-10-27,50.0,3.67,2027-12-30
GC-0001057,2023-12-03,200.0,75.33,2026-09-28
GC-0001058,2024-03-16,100.0,47.52,2029-01-29
GC-0001059,2024-08-20,200.0,60.97,2027-08-31
GC-0001060,2024-07-25,25.0,71.96,2028-02-27
GC-0001061,2023-03-14,200.0,36.94,2029-04-10
GC-0001062,2023-07-25,25.0,10.51,2030-11-15
GC-0001063,2024-10-12,100.0,91.98,2028-07-15
GC-0001064,2023-01-31,50.0,93.77,2028-01-20
GC-0001065,2025-08-31,50.0,17.38,2030-04-11
GC-0001066,2025-12-19,50.0,94.35,2029-06-03
GC-0001067,2025-03-16,25.0,61.95,2027-05-18
GC-0001068,2023-07-19,200.0,81.6,2028-03-26
GC-0001069,2025-03-24,200.0,0.21,2026-10-25
GC-0001070,2023-10-12,50.0,54.49,2030-03-09
GC-0001071,2025-06-26,200.0,99.28,2026-12-18
GC-0001072,2025-06-13,75.0,44.37,2030-03-16
GC-0001073,2023-03-07,75.0,40.97,2028-12-05
GC-0001074,2023-12-04,50.0,87.43,2028-02-17
GC-0001075,2024-05-31,25.0,62.98,2026-06-01
GC-0001076,2025-01-22,75.0,54.05,2027-03-11
GC-0001077,2025-07-07,200.0,49.35,2029-02-04
GC-0001078,2024-01-01,50.0,99.38,2026-06-21
GC-0001079,2024-01-21,75.0,41.5,2026-02-15
GC-0001080,2023-01-08,200.0,57.05,2029-03-24
GC-0001081,2023-10-07,200.0,58.9,2026-06-20
GC-0001082,2024-10-08,200.0,60.69,2030-10-20
GC-0001083,2024-11-19,50.0,42.56,2027-03-12
GC-0001084,2024-08-19,50.0,66.6,2027-07-10
GC-0001085,2025-01-22,200.0,19.54,2030-09-15
GC-0001086,2023-01-04,200.0,65.44,2026-02-27
GC-0001087,2025-05-12,75.0,48.85,2026-09-02
GC-0001088,2024-08-30,50.0,3.42,2029-10-19
GC-0001089,2024-10-17,200.0,50.61,2030-05-29
GC-0001090,2023-09-28,100.0,7.51,2027-11-10
GC-0001091,2025-03-10,200.0,23.3,2028-12-07
GC-0001092,2024-07-26,100.0,72.28,2027-06-13
GC-0001093,2023-11-28,100.0,22.31,2026-04-01
GC-0001094,2024-12-02,50.0,93.02,2030-07-17
GC-0001095,2025-12-20,100.0,66.26,2026-03-14
GC-0001096,2025-04-27,50.0,1.83,2029-10-28
GC-0001097,2025-03-24,25.0,22.7,2028-04-23
GC-0001098,2023-04-06,100.0,9.12,2030-09-06
GC-0001099,2024-02-16,200.0,85.6,2026-02-22
GC-0001100,2023-02-01,100.0,19.72,2028-10-04
GC-0001101,2023-04-02,50.0,22.72,2026-10-19
GC-0001102,2023-02-28,50.0,52.54,2030-04-19
GC-0001103,2024-07-08,75.0,7.89,2026-04-10
GC-0001104,2024-03-30,100.0,80.33,2027-07-07
GC-0001105,2024-01-21,50.0,30.98,2026-08-26
GC-0001106,2023-09-04,50.0,97.12,2026-06-04
GC-0001107,2024-07-13,200.0,44.56,2028-08-21
GC-0001108,2023-02-21,100.0,49.51,2029-10-17
GC-0001109,2024-09-14,75.0,42.8,2026-01-24
GC-0001110,2024-12-27,75.0,46.38,2030-01-30
GC-0001111,2025-08-02,50.0,19.26,2029-01-15
GC-0001112,2023-06-01,75.0,32.79,2027-06-13
GC-0001113,2024-10-14,50.0,55.34,2028-07-06
GC-0001114,2023-04-05,25.0,61.12,2029-11-21
GC-0001115,2025-05-01,100.0,74.34,2028-07-21
GC-0001116,2024-01-15,50.0,50.96,2026-02-07
GC-0001117,2023-12-23,200.0,5.28,2027-04-09
GC-0001118,2025-12-16,50.0,95.34,2030-10-24
GC-0001119,2025-03-17,25.0,25.7,2027-01-29
GC-0001120,2024-06-15,25.0,15.62,2026-10-17
GC-0001121,2023-08-09,200.0,81.21,2028-12-26
GC-0001122,2024-06-10,100.0,57.81,2028-06-27
GC-0001123,2023-12-26,100.0,94.57,2027-05-07
GC-0001124,2023-04-15,100.0,54.48,2026-08-05
GC-0001125,2024-01-11,100.0,70.21,2029-02-19
GC-0001126,2023-10-23,50.0,84.62,2029-03-14
GC-0001127,2024-06-11,50.0,70.41,2028-02-06
GC-0001128,2024-12-13,200.0,36.82,2026-09-13
GC-0001129,2024-08-14,200.0,24.78,2027-07-01
GC-0001130,2025-09-09,50.0,43.16,2029-07-24
GC-0001131,2024-12-21,75.0,22.2,2027-07-02
GC-0001132,2024-07-16,25.0,44.92,2028-11-23
GC-0001133,2024-09-17,100.0,54.65,2027-06-23
GC-0001134,2023-12-30,25.0,33.41,2030-07-22
GC-0001135,2023-09-21,50.0,35.29,2030-07-22
GC-0001136,2024-04-26,75.0,18.66,2028-01-04
GC-0001137,2024-12-10,200.0,95.41,2026-03-08
GC-0001138,2025-06-14,100.0,86.24,2030-03-30
GC-0001139,2024-06-17,25.0,98.43,2027-02-15
GC-0001140,2023-07-23,25.0,39.76,2026-02-01
GC-0001141,2024-04-28,200.0,57.49,2026-02-28
GC-0001142,2023-11-17,50.0,4.42,2026-11-15
GC-0001143,2024-12-29,200.0,74.57,2030-09-18
GC-0001144,2024-01-01,100.0,8.43,2027-03-08
GC-0001145,2025-04-04,25.0,0.79,2029-01-27
GC-0001146,2025-07-26,25.0,2.91,2026-07-16
GC-0001147,2025-08-16,200.0,98.62,2026-12-30
GC-0001148,2023-10-29,75.0,19.5,2027-04-29
GC-0001149,2025-03-26,50.0,50.27,2030-10-23
GC-0001150,2025-04-09,100.0,71.49,2029-02-09
GC-0001151,2025-05-22,200.0,5.27,2029-12-08
GC-0001152,2025-07-14,50.0,99.86,2028-03-12
GC-0001153,2024-03-08,75.0,20.95,2029-05-17
GC-0001154,2024-07-05,200.0,11.72,2027-06-22
GC-0001155,2023-07-11,25.0,96.7,2029-04-16
GC-0001156,2025-06-29,200.0,7.94,2026-12-17
GC-0001157,2024-03-04,50.0,32.08,2029-07-20
GC-0001158,2023-10-30,75.0,30.9,2027-12-18
GC-0001159,2024-04-03,75.0,38.03,2028-12-16
GC-0001160,2023-09-14,200.0,25.11,2027-11-30
GC-0001161,2025-03-21,50.0,42.0,2026-11-10
GC-0001162,2023-04-04,25.0,10.9,2026-11-11
GC-0001163,2025-12-10,100.0,89.14,2028-01-10
GC-0001164,2023-01-12,50.0,9.55,2027-05-24
GC-0001165,2025-09-26,25.0,82.43,2026-08-07
GC-0001166,2024-08-09,50.0,11.87,2027-04-28
GC-0001167,2024-04-21,25.0,13.57,2028-12-24
GC-0001168,2025-03-20,75.0,15.15,2029-07-03
GC-0001169,2024-12-02,100.0,28.38,2028-04-27
GC-0001170,2025-05-23,200.0,57.74,2026-01-10
GC-0001171,2024-01-16,75.0,34.68,2027-12-03
GC-0001172,2025-03-19,75.0,62.02,2026-12-17
GC-0001173,2024-12-10,25.0,86.23,2030-08-14
GC-0001174,2023-06-30,50.0,48.37,2030-08-27
GC-0001175,2024-03-30,100.0,40.42,2027-07-19
GC-0001176,2024-10-08,100.0,43.21,2030-05-16
GC-0001177,2024-05-29,200.0,11.42,2029-02-05
GC-0001178,2025-06-06,200.0,62.83,2029-02-02
GC-0001179,2024-10-09,50.0,11.3,2026-03-03
GC-0001180,2023-11-15,25.0,38.39,2030-08-19
GC-0001181,2023-07-18,100.0,80.36,2028-09-01
GC-0001182,2024-11-05,50.0,10.16,2030-09-20
GC-0001183,2023-08-10,75.0,4.38,2030-08-21
GC-0001184,2023-02-28,200.0,43.95,2029-01-29
GC-0001185,2024-06-27,200.0,61.31,2028-09-02
GC-0001186,2023-05-30,75.0,12.97,2030-05-11
GC-0001187,2025-04-01,200.0,51.42,2026-04-24
GC-0001188,2023-04-30,25.0,9.14,2030-07-12
GC-0001189,2025-10-09,75.0,67.52,2030-09-10
GC-0001190,2025-07-11,50.0,62.95,2030-01-03
GC-0001191,2025-02-02,200.0,25.4,2026-03-19
GC-0001192,2023-08-26,75.0,51.3,2028-02-17
GC-0001193,2024-12-10,75.0,50.12,2027-05-28
GC-0001194,2024-09-07,50.0,98.99,2028-03-27
GC-0001195,2023-01-14,200.0,96.47,2028-02-01
GC-0001196,2024-04-15,100.0,14.5,2029-01-20
GC-0001197,2024-01-28,100.0,20.64,2027-06-12
GC-0001198,2024-04-18,50.0,11.98,2030-05-22
GC-0001199,2023-02-03,25.0,84.18,2028-07-20
GC-0001200,2025-10-17,200.0,34.24,2030-04-14
GC-0001201,2023-01-16,100.0,78.24,2026-09-27
GC-0001202,2025-05-05,75.0,64.46,2029-12-13
GC-0001203,2024-09-17,25.0,8.21,2027-04-08
GC-0001204,2025-09-27,50.0,52.36,2029-03-30
GC-0001205,2024-12-21,75.0,51.58,2026-03-26
GC-0001206,2023-08-22,50.0,5.83,2027-12-23
GC-0001207,2024-08-29,25.0,5.49,2029-06-02
GC-0001208,2025-05-27,200.0,70.24,2027-08-20
GC-0001209,2023-08-14,75.0,89.86,2027-07-15
GC-0001210,2024-11-15,50.0,89.89,2030-12-03
GC-0001211,2023-01-28,100.0,3.93,2027-10-01
GC-0001212,2024-03-07,25.0,28.82,2026-04-07
GC-0001213,2025-05-01,100.0,11.68,2029-02-13
GC-0001214,2023-10-15,100.0,53.52,2028-12-31
GC-0001215,2025-02-27,100.0,48.74,2030-12-15
GC-0001216,2023-04-14,200.0,83.47,2030-05-13
GC-0001217,2024-10-27,25.0,70.22,2028-03-30
GC-0001218,2025-02-05,25.0,71.19,2027-02-12
GC-0001219,2025-12-21,50.0,84.97,2026-05-04
GC-0001220,2025-10-23,200.0,60.74,2026-09-20
GC-0001221,2024-04-22,50.0,11.84,2027-07-25
GC-0001222,2023-08-15,50.0,97.22,2028-09-19
GC-0001223,2025-12-12,200.0,27.31,2028-06-11
GC-0001224,2023-02-20,75.0,75.21,2029-07-24
GC-0001225,2023-05-14,50.0,50.95,2030-01-06
GC-0001226,2023-12-26,50.0,88.3,2029-03-10
GC-0001227,2024-03-15,200.0,63.39,2026-09-12
GC-0001228,2024-04-06,75.0,3.73,2026-08-16
GC-0001229,2025-12-15,200.0,54.83,2029-08-23
GC-0001230,2024-03-01,25.0,95.37,2029-11-17
GC-0001231,2023-07-14,25.0,37.24,2030-04-10
GC-0001232,2023-09-27,200.0,74.24,2026-11-19
GC-0001233,2023-08-02,100.0,61.75,2029-01-25
GC-0001234,2024-03-03,100.0,42.14,2027-06-26
GC-0001235,2025-04-30,200.0,36.07,2027-08-10
GC-0001236,2023-07-06,200.0,41.75,2026-05-12
GC-0001237,2023-04-30,200.0,29.82,2028-11-12
GC-0001238,2025-05-30,100.0,36.28,2029-11-21
GC-0001239,2024-01-22,25.0,72.49,2030-06-25
GC-0001240,2023-10-22,200.0,27.46,2027-12-18
GC-0001241,2025-08-17,50.0,87.66,2029-11-17
GC-0001242,2025-01-18,75.0,66.19,2026-12-05
GC-0001243,2024-05-04,25.0,80.88,2026-08-02
GC-0001244,2025-04-28,200.0,80.56,2029-03-15
GC-0001245,2024-08-16,100.0,81.15,2028-09-28
GC-0001246,2025-10-04,200.0,21.82,2030-04-17
GC-0001247,2024-09-03,100.0,97.87,2030-06-15
GC-0001248,2023-05-19,75.0,38.66,2026-04-02
GC-0001249,2025-10-10,75.0,6.48,2027-12-26
GC-0001250,2025-12-05,200.0,67.79,2027-11-18
GC-0001251,2024-04-14,100.0,48.06,2027-06-29
GC-0001252,2025-06-26,100.0,87.7,2028-05-04
GC-0001253,2025-05-04,75.0,45.79,2027-02-14
GC-0001254,2024-04-02,50.0,46.36,2028-05-22
GC-0001255,2024-11-04,25.0,95.18,2026-01-16
GC-0001256,2023-11-26,75.0,29.14,2028-12-17
GC-0001257,2023-05-13,25.0,8.51,2030-05-10
GC-0001258,2023-07-06,50.0,69.27,2029-05-20
GC-0001259,2024-11-01,100.0,65.68,2027-08-15
GC-0001260,2024-04-05,100.0,55.82,2027-10-30
GC-0001261,2024-07-13,100.0,72.69,2029-01-18
GC-0001262,2025-07-01,100.0,87.06,2029-06-15
GC-0001263,2024-08-16,50.0,72.29,2027-03-02
GC-0001264,2025-12-12,75.0,9.93,2028-12-19
GC-0001265,2025-08-09,200.0,61.89,2026-07-17
GC-0001266,2024-12-27,75.0,84.2,2027-06-13
GC-0001267,2024-11-02,50.0,1.79,2030-03-30
GC-0001268,2025-11-15,100.0,53.08,2027-09-29
GC-0001269,2023-06-08,100.0,59.24,2027-09-19
GC-0001270,2024-08-23,100.0,28.83,2028-03-05
GC-0001271,2025-11-02,75.0,67.68,2026-10-13
GC-0001272,2025-05-04,100.0,4.24,2029-11-21
GC-0001273,2025-08-15,75.0,3.51,2030-05-01
GC-0001274,2024-10-02,75.0,64.89,2027-04-18
GC-0001275,2023-05-31,100.0,86.89,2028-11-26
GC-0001276,2023-07-20,100.0,10.53,2028-04-01
GC-0001277,2024-07-29,100.0,0.35,2029-10-28
GC-0001278,2025-09-26,75.0,29.03,2029-09-27
GC-0001279,2024-01-03,100.0,90.01,2030-04-10
GC-0001280,2025-01-13,50.0,8.74,2027-08-28
GC-0001281,2025-04-19,75.0,72.54,2027-04-26
GC-0001282,2025-11-03,25.0,26.37,2027-06-14
GC-0001283,2023-05-31,25.0,5.0,2026-04-03
GC-0001284,2025-09-20,75.0,39.5,2027-10-24
GC-0001285,2023-04-18,200.0,73.58,2026-11-18
GC-0001286,2024-04-01,75.0,3.13,2029-07-18
GC-0001287,2023-04-13,200.0,65.78,2029-05-27
GC-0001288,2023-04-22,25.0,21.83,2029-10-15
GC-0001289,2024-08-20,75.0,79.32,2029-11-22
GC-0001290,2024-02-12,50.0,67.04,2029-06-13
GC-0001291,2023-06-03,75.0,55.68,2029-04-13
GC-0001292,2024-11-30,100.0,43.87,2026-05-10
GC-0001293,2024-05-22,50.0,51.82,2026-10-20
GC-0001294,2024-10-05,100.0,75.99,2026-08-14
GC-0001295,2024-02-08,25.0,17.74,2026-06-08
GC-0001296,2025-02-25,50.0,55.35,2026-12-21
GC-0001297,2024-09-29,75.0,96.54,2029-02-07
GC-0001298,2025-06-04,50.0,9.84,2027-02-09
GC-0001299,2025-11-05,200.0,80.93,2027-08-26
GC-0001300,2024-04-20,75.0,92.46,2026-07-23
GC-0001301,2023-04-28,25.0,87.9,2028-01-07
GC-0001302,2024-02-19,25.0,7.13,2028-07-09
GC-0001303,2024-09-28,50.0,5.02,2029-12-05
GC-0001304,2025-06-21,100.0,19.75,2029-11-07
GC-0001305,2024-07-06,75.0,70.37,2029-10-23
GC-0001306,2024-06-24,100.0,42.46,2028-12-11
GC-0001307,2025-11-09,200.0,23.38,2027-12-05
GC-0001308,2024-01-12,50.0,46.89,2029-12-31
GC-0001309,2024-05-10,25.0,30.7,2028-12-28
GC-0001310,2025-05-30,200.0,36.06,2028-10-29
GC-0001311,2023-10-10,50.0,70.13,2027-10-10
GC-0001312,2025-06-15,200.0,15.13,2030-01-17
GC-0001313,2024-03-29,100.0,5.86,2029-02-05
GC-0001314,2024-07-13,25.0,76.99,2027-09-19
GC-0001315,2025-11-05,50.0,98.01,2027-02-09
GC-0001316,2025-03-11,25.0,21.72,2029-10-02
GC-0001317,2023-02-28,75.0,54.65,2027-03-14
GC-0001318,2023-08-27,75.0,4.77,2029-04-13
GC-0001319,2023-06-10,200.0,79.48,2030-11-05
GC-0001320,2023-10-24,75.0,34.73,2026-10-10
GC-0001321,2024-06-08,25.0,16.71,2029-07-31
GC-0001322,2025-04-20,75.0,70.83,2030-12-06
GC-0001323,2024-08-02,75.0,57.65,2030-09-02
GC-0001324,2023-05-06,75.0,81.32,2030-01-18
GC-0001325,2023-07-19,75.0,86.08,2027-05-04
GC-0001326,2023-05-11,50.0,30.13,2029-07-10
GC-0001327,2024-07-31,75.0,18.76,2026-04-17
GC-0001328,2025-11-11,75.0,15.38,2026-04-02
GC-0001329,2024-12-12,200.0,34.43,2030-07-04
GC-0001330,2023-08-08,75.0,73.61,2027-07-17
GC-0001331,2025-12-05,50.0,18.76,2030-07-27
GC-0001332,2023-06-14,75.0,39.07,2028-02-09
GC-0001333,2025-08-30,25.0,24.64,2027-11-03
GC-0001334,2023-10-22,200.0,91.88,2028-09-03
GC-0001335,2024-08-23,200.0,81.47,2026-07-26
GC-0001336,2025-07-23,200.0,19.46,2028-08-28
GC-0001337,2024-09-25,50.0,70.12,2026-07-16
GC-0001338,2025-05-13,50.0,81.01,2030-10-30
GC-0001339,2023-11-28,50.0,11.25,2029-07-12
GC-0001340,2024-10-31,25.0,81.76,2026-05-08
GC-0001341,2024-03-12,100.0,34.54,2027-03-15
GC-0001342,2024-01-19,200.0,5.82,2030-06-10
GC-0001343,2024-06-03,100.0,41.0,2027-07-26
GC-0001344,2025-04-06,100.0,45.66,2028-03-23
GC-0001345,2023-07-08,200.0,20.98,2027-08-26
GC-0001346,2025-07-03,25.0,34.94,2026-08-21
GC-0001347,2023-11-03,200.0,94.47,2027-06-16
GC-0001348,2023-09-07,50.0,35.45,2029-03-18
GC-0001349,2024-11-18,75.0,77.29,2030-09-23
GC-0001350,2024-02-01,50.0,64.18,2027-03-02
GC-0001351,2025-08-26,75.0,53.59,2030-06-18
GC-0001352,2024-11-21,100.0,65.73,2026-07-04
GC-0001353,2023-07-10,100.0,60.58,2028-03-04
GC-0001354,2025-11-28,75.0,75.24,2027-05-20
GC-0001355,2025-01-21,75.0,25.61,2026-01-15
GC-0001356,2023-06-25,50.0,28.47,2026-08-30
GC-0001357,2024-11-05,25.0,76.46,2028-10-11
GC-0001358,2023-06-16,25.0,61.74,2027-10-30
GC-0001359,2025-01-11,50.0,4.72,2028-09-01
GC-0001360,2025-04-19,200.0,0.87,2028-11-16
GC-0001361,2024-08-09,200.0,87.88,2029-11-12
GC-0001362,2023-01-01,25.0,94.17,2026-10-18
GC-0001363,2023-12-22,50.0,65.56,2030-06-15
GC-0001364,2024-09-21,75.0,99.7,2030-02-20
GC-0001365,2023-03-07,25.0,17.01,2026-11-30
GC-0001366,2024-10-20,75.0,97.09,2026-02-17
GC-0001367,2023-11-03,200.0,85.28,2028-12-20
GC-0001368,2024-03-08,50.0,5.6,2029-10-20
GC-0001369,2024-09-24,100.0,16.25,2027-12-18
GC-0001370,2025-11-07,100.0,81.74,2028-07-01
GC-0001371,2025-11-05,100.0,13.35,2029-06-29
GC-0001372,2024-02-26,200.0,31.09,2026-08-05
GC-0001373,2023-02-23,200.0,36.51,2028-03-03
GC-0001374,2025-01-30,75.0,0.18,2029-07-23
GC-0001375,2025-06-28,100.0,9.94,2027-12-24
GC-0001376,2023-05-11,75.0,46.36,2026-03-22
GC-0001377,2024-08-30,100.0,77.71,2027-06-25
GC-0001378,2024-08-14,200.0,4.2,2027-11-13
GC-0001379,2023-06-05,25.0,52.3,2030-12-26
GC-0001380,2025-06-20,75.0,90.93,2029-07-29
GC-0001381,2024-01-26,50.0,41.53,2027-03-12
GC-0001382,2023-11-07,75.0,72.55,2027-11-12
GC-0001383,2025-12-11,200.0,21.5,2027-03-31
GC-0001384,2023-12-13,75.0,55.91,2030-05-25
GC-0001385,2023-02-24,100.0,96.34,2028-04-15
GC-0001386,2024-02-21,50.0,54.13,2029-08-12
GC-0001387,2025-07-31,75.0,17.38,2029-07-20
GC-0001388,2024-09-16,25.0,52.38,2030-07-18
GC-0001389,2024-07-02,100.0,84.39,2029-06-04
GC-0001390,2025-03-19,50.0,32.52,2026-03-13
GC-0001391,2024-04-24,25.0,86.04,2028-10-11
GC-0001392,2024-06-15,25.0,57.33,2027-07-09
GC-0001393,2025-10-11,100.0,4.22,2030-09-07
GC-0001394,2024-09-15,25.0,25.96,2028-06-16
GC-0001395,2023-11-26,75.0,25.23,2027-11-10
GC-0001396,2025-01-04,200.0,90.04,2026-11-23
GC-0001397,2025-07-01,200.0,36.76,2029-03-28
GC-0001398,2024-05-01,25.0,33.14,2027-10-13
GC-0001399,2025-05-14,25.0,66.57,2028-08-30
GC-0001400,2025-08-27,25.0,73.81,2029-11-27
GC-0001401,2023-10-25,25.0,74.91,2029-01-02
GC-0001402,2024-02-05,100.0,31.22,2027-07-25
GC-0001403,2025-04-22,75.0,73.55,2026-07-23
GC-0001404,2023-07-23,75.0,27.56,2030-08-27
GC-0001405,2024-04-05,75.0,55.76,2030-10-23
GC-0001406,2024-02-08,75.0,49.52,2030-09-21
GC-0001407,2023-10-18,100.0,82.67,2027-04-19
GC-0001408,2025-07-17,25.0,53.99,2027-10-30
GC-0001409,2023-04-14,25.0,53.34,2028-03-31
GC-0001410,2023-08-22,100.0,60.39,2026-08-01
GC-0001411,2025-02-03,75.0,6.75,2026-02-03
GC-0001412,2025-02-21,75.0,61.96,2028-03-05
GC-0001413,2025-12-26,100.0,98.62,2028-09-18
GC-0001414,2024-03-18,100.0,14.02,2030-12-22
GC-0001415,2024-01-31,50.0,13.94,2028-08-28
GC-0001416,2024-05-18,50.0,43.63,2028-02-27
GC-0001417,2025-06-06,50.0,89.42,2028-07-07
GC-0001418,2025-09-07,100.0,64.02,2027-07-22
GC-0001419,2025-08-30,75.0,24.63,2028-01-05
GC-0001420,2024-12-08,50.0,92.49,2027-11-24
GC-0001421,2023-11-07,25.0,73.68,2026-12-24
GC-0001422,2025-07-16,100.0,7.72,2028-01-09
GC-0001423,2025-11-05,200.0,53.37,2029-08-20
GC-0001424,2023-07-10,100.0,40.74,2028-08-01
GC-0001425,2025-05-09,75.0,6.56,2030-04-21
GC-0001426,2023-08-05,200.0,21.59,2030-03-22
GC-0001427,2023-08-30,100.0,16.36,2026-11-25
GC-0001428,2025-01-29,25.0,42.04,2030-12-22
GC-0001429,2023-04-22,200.0,13.09,2028-04-27
GC-0001430,2025-08-04,75.0,64.88,2026-07-18
GC-0001431,2023-12-29,50.0,9.54,2028-09-08
GC-0001432,2023-08-27,50.0,11.43,2028-03-30
GC-0001433,2025-06-09,75.0,62.57,2027-11-29
GC-0001434,2025-04-22,50.0,17.55,2028-12-08
GC-0001435,2025-11-19,100.0,36.13,2026-06-06
GC-0001436,2024-03-24,100.0,16.09,2028-05-31
GC-0001437,2024-09-12,50.0,93.11,2027-11-18
GC-0001438,2025-04-20,75.0,50.49,2030-03-09
GC-0001439,2025-10-11,100.0,43.36,2029-11-23
GC-0001440,2023-09-14,200.0,19.55,2028-01-07
GC-0001441,2024-12-17,100.0,55.41,2027-07-23
GC-0001442,2024-05-29,200.0,99.57,2027-10-18
GC-0001443,2024-07-08,100.0,54.83,2029-12-05
GC-0001444,2023-09-09,50.0,43.26,2030-09-08
GC-0001445,2025-06-27,50.0,32.98,2030-05-01
GC-0001446,2024-01-07,75.0,53.69,2029-07-19
GC-0001447,2025-03-01,100.0,63.45,2026-08-07
GC-0001448,2025-02-28,50.0,97.6,2030-07-12
GC-0001449,2023-12-08,25.0,24.51,2028-01-27
GC-0001450,2024-01-01,75.0,42.62,2026-01-14
GC-0001451,2024-08-23,200.0,86.66,2026-11-04
GC-0001452,2024-04-08,200.0,90.59,2026-01-14
GC-0001453,2025-09-16,50.0,7.35,2027-11-13
GC-0001454,2023-09-04,50.0,20.02,2026-04-17
GC-0001455,2023-01-28,50.0,42.21,2026-09-26
GC-0001456,2024-02-16,200.0,95.21,2029-08-06
GC-0001457,2025-08-06,25.0,11.44,2029-03-28
GC-0001458,2024-03-16,50.0,12.45,2029-09-28
GC-0001459,2025-11-13,75.0,31.29,2026-01-26
GC-0001460,2024-12-29,75.0,64.55,2030-06-30
GC-0001461,2023-11-11,75.0,88.23,2030-09-27
GC-0001462,2024-03-22,75.0,82.69,2029-05-16
GC-0001463,2024-02-01,200.0,52.1,2029-06-20
GC-0001464,2025-08-30,100.0,31.59,2027-05-28
GC-0001465,2023-06-29,200.0,51.37,2028-12-26
GC-0001466,2025-12-08,100.0,91.99,2028-12-11
GC-0001467,2024-05-07,25.0,0.58,2030-05-31
GC-0001468,2025-03-04,50.0,60.38,2026-03-08
GC-0001469,2025-06-06,100.0,14.07,2026-01-11
GC-0001470,2023-09-07,100.0,83.71,2030-01-19
GC-0001471,2024-04-21,25.0,67.96,2026-06-17
GC-0001472,2023-07-01,100.0,62.87,2026-12-26
GC-0001473,2025-04-01,25.0,13.25,2030-10-14
GC-0001474,2025-08-20,75.0,30.8,2026-03-08
GC-0001475,2023-07-26,100.0,40.42,2026-04-17
GC-0001476,2023-10-23,100.0,39.31,2027-06-05
GC-0001477,2024-03-19,75.0,32.44,2027-02-23
GC-0001478,2025-02-20,25.0,7.91,2026-04-10
GC-0001479,2025-02-01,75.0,85.62,2030-06-09
GC-0001480,2024-06-14,50.0,60.85,2028-06-18
GC-0001481,2025-01-14,25.0,77.94,2030-05-22
GC-0001482,2023-12-05,100.0,57.65,2028-12-17
GC-0001483,2025-03-17,200.0,91.19,2028-08-22
GC-0001484,2025-10-16,75.0,53.56,2030-08-17
GC-0001485,2023-08-03,200.0,36.64,2026-12-23
GC-0001486,2024-09-21,200.0,93.47,2030-05-03
GC-0001487,2024-02-27,75.0,77.49,2027-10-04
GC-0001488,2025-09-06,50.0,57.13,2030-02-02
GC-0001489,2024-03-01,50.0,89.44,2030-02-10
GC-0001490,2025-08-17,200.0,43.41,2028-04-09
GC-0001491,2025-07-25,75.0,81.09,2026-08-14
GC-0001492,2025-03-06,200.0,78.85,2028-02-28
GC-0001493,2023-09-25,25.0,16.56,2026-12-31
GC-0001494,2024-03-27,50.0,78.01,2030-12-27
GC-0001495,2024-10-20,200.0,56.9,2028-10-08
GC-0001496,2024-10-28,25.0,84.32,2028-08-09
GC-0001497,2023-04-28,50.0,83.54,2030-03-23
GC-0001498,2023-01-01,50.0,19.11,2027-10-16
GC-0001499,2025-08-01,200.0,76.3,2026-07-15
GC-0001500,2024-11-22,100.0,50.7,2028-12-09
GC-0001501,2024-08-14,25.0,43.0,2030-10-13
GC-0001502,2025-10-28,50.0,9.73,2030-01-26
GC-0001503,2025-08-04,75.0,33.24,2027-05-29
GC-0001504,2023-05-13,50.0,12.16,2027-12-24
GC-0001505,2023-06-06,25.0,53.06,2028-08-27
GC-0001506,2024-01-31,25.0,8.24,2027-03-19
GC-0001507,2023-08-26,200.0,15.84,2026-01-25
GC-0001508,2024-01-23,25.0,16.32,2029-03-08
GC-0001509,2024-09-21,25.0,74.39,2029-06-26
GC-0001510,2024-12-15,75.0,49.95,2028-07-23
GC-0001511,2025-09-24,50.0,91.9,2028-08-23
GC-0001512,2025-04-20,25.0,88.57,2026-01-09
GC-0001513,2024-04-05,50.0,97.36,2030-12-10
GC-0001514,2024-05-29,25.0,91.71,2027-03-06
GC-0001515,2024-05-21,100.0,88.66,2027-10-01
GC-0001516,2025-11-21,25.0,73.76,2029-11-30
GC-0001517,2025-04-05,75.0,78.07,2029-11-06
GC-0001518,2023-02-10,25.0,51.46,2026-11-08
GC-0001519,2023-12-24,75.0,45.31,2030-03-20
GC-0001520,2025-04-17,25.0,67.8,2026-04-25
GC-0001521,2024-01-29,100.0,68.25,2029-06-24
GC-0001522,2024-05-13,50.0,89.03,2029-03-10
GC-0001523,2025-09-07,50.0,12.34,2026-12-25
GC-0001524,2023-02-10,75.0,55.54,2026-03-20
GC-0001525,2024-08-20,100.0,93.64,2029-08-27
GC-0001526,2023-03-05,25.0,36.17,2028-05-26
GC-0001527,2025-11-17,75.0,35.64,2030-01-28
GC-0001528,2025-01-14,75.0,5.07,2026-12-21
GC-0001529,2023-07-21,50.0,28.07,2026-10-04
GC-0001530,2023-08-28,50.0,48.77,2029-12-03
GC-0001531,2024-09-02,25.0,64.04,2027-01-19
GC-0001532,2023-03-05,75.0,86.97,2029-03-18
GC-0001533,2024-04-07,75.0,93.02,2029-01-24
GC-0001534,2024-05-27,100.0,24.94,2030-11-14
GC-0001535,2024-10-06,75.0,74.24,2026-08-06
GC-0001536,2025-08-14,200.0,72.91,2029-06-04
GC-0001537,2023-04-02,200.0,45.41,2026-03-30
GC-0001538,2023-10-21,75.0,60.6,2029-04-23
GC-0001539,2025-09-13,25.0,75.38,2026-09-29
GC-0001540,2023-03-28,50.0,77.1,2030-09-18
GC-0001541,2024-04-09,100.0,7.7,2026-04-30
GC-0001542,2023-01-14,75.0,37.79,2027-07-20
GC-0001543,2025-06-26,25.0,12.32,2026-07-05
GC-0001544,2025-10-19,75.0,86.86,2027-09-29
GC-0001545,2025-12-30,100.0,89.17,2029-04-15
GC-0001546,2023-02-09,25.0,19.37,2027-10-06
GC-0001547,2025-09-07,25.0,1.18,2030-10-07
GC-0001548,2025-08-16,100.0,81.93,2027-11-14
GC-0001549,2023-05-14,50.0,26.18,2027-09-26
GC-0001550,2025-09-11,200.0,47.17,2026-07-05
GC-0001551,2025-01-11,200.0,2.56,2030-11-10
GC-0001552,2025-01-08,50.0,48.55,2027-04-27
GC-0001553,2024-06-07,75.0,43.19,2029-06-28
GC-0001554,2025-01-27,25.0,43.24,2029-04-13
GC-0001555,2023-12-14,75.0,30.82,2028-07-10
GC-0001556,2024-06-25,50.0,20.81,2026-02-21
GC-0001557,2023-06-15,75.0,12.32,2027-12-02
GC-0001558,2025-07-24,25.0,1.13,2030-04-19
GC-0001559,2024-05-19,50.0,14.61,2027-08-05
GC-0001560,2024-07-22,25.0,62.65,2030-04-20
GC-0001561,2023-07-06,75.0,99.93,2026-04-17
GC-0001562,2024-11-29,50.0,32.34,2030-01-05
GC-0001563,2025-11-19,100.0,45.12,2027-03-26
GC-0001564,2024-12-27,25.0,10.46,2026-01-11
GC-0001565,2023-03-25,25.0,79.21,2027-09-23
GC-0001566,2023-05-07,75.0,39.43,2030-12-05
GC-0001567,2024-05-03,75.0,27.59,2026-05-10
GC-0001568,2024-07-26,75.0,4.29,2026-03-24
GC-0001569,2023-08-27,100.0,60.8,2028-09-04
GC-0001570,2023-05-25,100.0,12.29,2028-09-25
GC-0001571,2024-05-24,25.0,54.89,2028-04-20
GC-0001572,2025-01-07,75.0,13.95,2026-10-16
GC-0001573,2024-07-28,25.0,95.24,2028-02-11
GC-0001574,2024-12-09,75.0,20.07,2028-12-21
GC-0001575,2025-01-25,25.0,53.13,2027-04-14
GC-0001576,2023-01-23,25.0,61.69,2029-05-14
GC-0001577,2025-08-16,100.0,66.34,2030-07-03
GC-0001578,2025-04-12,75.0,46.15,2030-12-05
GC-0001579,2023-10-20,200.0,4.09,2028-06-22
GC-0001580,2024-05-24,50.0,79.22,2027-07-22
GC-0001581,2023-03-05,200.0,41.49,2030-05-13
GC-0001582,2023-09-10,75.0,0.33,2028-12-18
GC-0001583,2023-06-22,100.0,74.22,2030-01-18
GC-0001584,2023-02-16,25.0,22.09,2029-08-07
GC-0001585,2023-04-07,75.0,19.32,2027-04-14
GC-0001586,2023-07-17,25.0,2.74,2029-05-01
GC-0001587,2023-05-02,200.0,12.54,2027-03-14
GC-0001588,2023-07-27,50.0,49.0,2029-02-26
GC-0001589,2025-07-26,25.0,42.55,2027-06-29
GC-0001590,2024-02-23,50.0,30.37,2028-03-26
GC-0001591,2025-07-10,25.0,87.46,2026-08-28
GC-0001592,2023-05-14,25.0,10.55,2026-08-19
GC-0001593,2025-08-31,75.0,69.13,2030-09-01
GC-0001594,2023-12-13,100.0,4.12,2029-01-15
GC-0001595,2025-05-08,50.0,66.3,2030-12-18
GC-0001596,2024-03-12,50.0,76.1,2029-05-14
GC-0001597,2025-10-28,200.0,59.11,2030-04-21
GC-0001598,2025-04-04,75.0,49.62,2027-03-31
GC-0001599,2023-04-15,25.0,3.68,2026-08-29
GC-0001600,2025-07-08,200.0,60.27,2028-02-12
GC-0001601,2024-04-29,50.0,74.12,2028-05-11
GC-0001602,2023-08-02,100.0,42.83,2029-08-05
GC-0001603,2024-11-18,50.0,30.42,2026-02-27
GC-0001604,2023-10-03,200.0,9.02,2027-05-20
GC-0001605,2023-05-15,25.0,26.11,2027-11-25
GC-0001606,2023-07-27,100.0,17.63,2026-11-27
GC-0001607,2023-03-06,75.0,95.32,2028-03-12
GC-0001608,2024-04-30,50.0,30.16,2026-08-21
GC-0001609,2025-08-10,200.0,67.26,2026-03-15
GC-0001610,2025-04-08,50.0,13.8,2029-01-12
GC-0001611,2024-10-15,25.0,63.7,2026-10-16
GC-0001612,2024-08-22,25.0,40.62,2028-08-25
GC-0001613,2025-07-29,100.0,81.68,2027-06-20
GC-0001614,2024-04-28,100.0,58.33,2029-01-19
GC-0001615,2025-11-25,100.0,74.97,2027-01-02
GC-0001616,2025-06-20,75.0,73.35,2028-12-12
GC-0001617,2024-08-10,200.0,38.47,2027-09-25
GC-0001618,2024-07-02,50.0,53.22,2027-12-08
GC-0001619,2023-05-13,25.0,94.92,2029-02-15
GC-0001620,2023-08-17,75.0,75.6,2029-05-10
GC-0001621,2025-03-06,200.0,29.09,2029-06-15
GC-0001622,2023-09-25,25.0,29.59,2029-08-01
GC-0001623,2023-01-18,25.0,51.58,2030-06-22
GC-0001624,2024-04-08,100.0,14.34,2026-10-19
GC-0001625,2025-09-12,25.0,43.16,2029-06-06
GC-0001626,2024-04-25,200.0,80.74,2030-03-03
GC-0001627,2024-10-19,25.0,51.83,2027-03-18
GC-0001628,2024-07-30,25.0,86.24,2027-09-03
GC-0001629,2024-09-26,100.0,10.44,2028-09-06
GC-0001630,2023-10-07,200.0,23.63,2026-12-14
GC-0001631,2025-04-28,200.0,3.78,2027-06-01
GC-0001632,2023-03-30,200.0,6.71,2030-10-10
GC-0001633,2023-07-11,50.0,60.95,2028-11-30
GC-0001634,2024-01-23,50.0,2.61,2029-09-09
GC-0001635,2025-02-19,100.0,35.35,2030-02-20
GC-0001636,2025-05-12,100.0,54.97,2028-04-10
GC-0001637,2023-12-10,25.0,43.73,2028-07-06
GC-0001638,2025-09-04,25.0,87.82,2029-04-27
GC-0001639,2023-02-09,100.0,15.12,2026-07-09
GC-0001640,2024-04-14,100.0,58.34,2028-08-20
GC-0001641,2024-12-25,75.0,26.86,2028-08-29
GC-0001642,2023-05-05,50.0,20.62,2027-01-08
GC-0001643,2023-03-24,25.0,20.84,2027-05-26
GC-0001644,2024-01-08,25.0,26.81,2027-05-11
GC-0001645,2023-01-12,75.0,86.61,2029-11-05
GC-0001646,2024-10-01,25.0,18.71,2030-07-02
GC-0001647,2023-02-18,25.0,57.58,2030-11-19
GC-0001648,2023-02-03,100.0,26.85,2029-04-16
GC-0001649,2024-02-17,25.0,43.43,2026-04-06
GC-0001650,2024-07-16,25.0,82.76,2030-06-11
GC-0001651,2025-06-01,200.0,44.31,2026-01-26
GC-0001652,2024-10-28,25.0,71.32,2026-04-03
GC-0001653,2023-04-06,75.0,70.71,2028-12-23
GC-0001654,2025-08-21,50.0,96.33,2029-04-21
GC-0001655,2024-06-23,25.0,34.88,2028-10-25
GC-0001656,2024-05-05,200.0,51.68,2030-12-08
GC-0001657,2024-03-30,200.0,65.14,2028-06-16
GC-0001658,2023-09-23,75.0,47.86,2029-08-07
GC-0001659,2024-07-19,75.0,94.46,2030-07-01
GC-0001660,2025-10-19,50.0,92.14,2030-10-05
GC-0001661,2024-01-17,200.0,8.58,2026-06-29
GC-0001662,2024-03-25,50.0,56.34,2027-03-24
GC-0001663,2023-12-20,75.0,43.42,2029-11-28
GC-0001664,2024-01-31,25.0,94.01,2027-09-27
GC-0001665,2025-05-13,25.0,60.46,2030-03-02
GC-0001666,2024-11-13,50.0,83.06,2030-08-11
GC-0001667,2025-04-29,100.0,52.03,2029-06-10
GC-0001668,2024-10-27,50.0,79.92,2026-05-29
GC-0001669,2025-08-24,200.0,57.13,2026-05-01
GC-0001670,2025-10-14,100.0,8.94,2030-07-18
GC-0001671,2024-05-09,25.0,37.14,2027-04-10
GC-0001672,2023-05-21,75.0,0.84,2029-01-26
GC-0001673,2025-04-08,50.0,46.35,2026-02-16
GC-0001674,2025-10-18,75.0,48.98,2030-06-22
GC-0001675,2023-08-26,75.0,44.59,2029-09-03
GC-0001676,2024-11-26,25.0,88.47,2027-09-28
GC-0001677,2023-10-12,75.0,65.3,2027-07-26
GC-0001678,2024-10-03,200.0,38.35,2028-06-14
GC-0001679,2023-12-16,100.0,17.03,2029-05-09
GC-0001680,2024-03-31,100.0,94.6,2030-08-09
GC-0001681,2024-02-22,75.0,8.04,2030-04-15
GC-0001682,2025-11-05,25.0,12.84,2026-03-12
GC-0001683,2024-11-26,25.0,40.17,2027-10-21
GC-0001684,2023-09-20,75.0,47.33,2030-09-09
GC-0001685,2024-08-17,100.0,57.36,2026-11-03
GC-0001686,2023-02-18,50.0,41.02,2030-03-12
GC-0001687,2024-12-22,100.0,23.96,2030-09-19
GC-0001688,2025-03-14,200.0,62.53,2029-05-17
GC-0001689,2024-08-16,25.0,87.39,2027-03-30
GC-0001690,2024-02-02,25.0,35.87,2028-09-22
GC-0001691,2023-01-28,75.0,14.35,2029-08-04
GC-0001692,2025-11-30,50.0,42.41,2027-04-22
GC-0001693,2025-05-10,50.0,23.85,2027-10-12
GC-0001694,2025-01-25,25.0,63.67,2026-07-07
GC-0001695,2024-04-12,75.0,64.98,2026-12-20
GC-0001696,2024-04-27,75.0,37.21,2027-02-15
GC-0001697,2024-07-25,200.0,3.82,2026-07-08
GC-0001698,2025-03-07,100.0,66.6,2027-01-02
GC-0001699,2025-06-03,25.0,6.18,2026-05-28
GC-0001700,2024-06-26,200.0,57.31,2027-08-05
GC-0001701,2023-05-17,75.0,54.33,2027-03-08
GC-0001702,2024-05-22,200.0,3.68,2029-02-03
GC-0001703,2024-02-23,100.0,17.7,2026-12-27
GC-0001704,2025-05-17,50.0,54.46,2026-12-13
GC-0001705,2024-05-07,75.0,44.45,2030-05-01
GC-0001706,2023-04-02,75.0,32.06,2029-12-08
GC-0001707,2025-12-19,100.0,76.89,2027-12-22
GC-0001708,2023-08-20,75.0,51.82,2029-01-19
GC-0001709,2024-06-03,50.0,38.69,2026-10-01
GC-0001710,2025-06-09,50.0,58.09,2027-10-15
GC-0001711,2024-03-16,25.0,1.5,2027-06-02
GC-0001712,2025-12-31,25.0,49.21,2029-05-20
GC-0001713,2023-05-31,100.0,82.18,2029-11-17
GC-0001714,2024-07-11,100.0,7.28,2028-02-04
GC-0001715,2023-10-25,75.0,18.87,2030-06-20
GC-0001716,2025-12-28,75.0,5.19,2028-04-21
GC-0001717,2025-06-03,75.0,13.02,2027-10-13
GC-0001718,2024-04-04,75.0,2.09,2026-06-13
GC-0001719,2023-07-13,75.0,45.42,2027-03-06
GC-0001720,2025-05-05,100.0,97.84,2030-03-31
GC-0001721,2025-04-03,100.0,57.92,2028-08-24
GC-0001722,2024-11-01,75.0,35.49,2029-12-25
GC-0001723,2025-01-16,200.0,17.14,2030-09-24
GC-0001724,2025-08-22,25.0,5.99,2026-09-30
GC-0001725,2024-01-10,75.0,11.73,2029-06-24
GC-0001726,2023-09-07,50.0,14.36,2028-08-28
GC-0001727,2025-08-22,200.0,68.87,2029-04-14
GC-0001728,2025-12-06,25.0,89.32,2028-03-08
GC-0001729,2023-12-06,75.0,1.47,2030-11-18
GC-0001730,2025-02-11,25.0,23.54,2026-12-22
GC-0001731,2024-08-08,100.0,33.45,2029-07-12
GC-0001732,2024-09-11,75.0,12.12,2027-07-04
GC-0001733,2024-11-20,25.0,62.43,2029-11-25
GC-0001734,2023-05-21,100.0,89.66,2027-12-28
GC-0001735,2025-12-19,75.0,4.17,2028-08-05
GC-0001736,2023-06-28,200.0,75.54,2028-12-14
GC-0001737,2025-05-10,75.0,84.45,2030-05-13
GC-0001738,2025-05-22,25.0,75.86,2030-07-02
GC-0001739,2023-12-25,200.0,97.96,2028-03-26
GC-0001740,2023-03-31,25.0,67.06,2030-10-28
GC-0001741,2023-12-01,50.0,68.79,2029-06-17
GC-0001742,2025-09-18,100.0,6.17,2028-09-08
GC-0001743,2025-04-07,25.0,83.84,2026-10-31
GC-0001744,2025-01-28,100.0,52.24,2028-04-24
GC-0001745,2025-10-06,50.0,27.45,2027-12-14
GC-0001746,2023-03-07,75.0,74.96,2027-10-12
GC-0001747,2023-03-18,50.0,30.0,2026-10-25
GC-0001748,2024-01-24,25.0,85.71,2028-05-14
GC-0001749,2023-03-05,25.0,73.71,2026-10-12
GC-0001750,2025-04-01,200.0,46.41,2026-08-30
GC-0001751,2025-03-08,100.0,87.51,2028-06-15
GC-0001752,2025-07-19,200.0,22.83,2026-05-16
GC-0001753,2025-09-03,75.0,98.23,2028-09-09
GC-0001754,2025-09-20,200.0,79.29,2029-08-20
GC-0001755,2024-04-09,50.0,18.65,2027-03-04
GC-0001756,2023-10-08,75.0,30.74,2027-07-29
GC-0001757,2025-03-25,75.0,69.12,2027-07-03
GC-0001758,2025-04-25,25.0,19.15,2029-08-25
GC-0001759,2023-09-19,25.0,85.15,2028-04-25
GC-0001760,2024-04-13,200.0,78.61,2030-09-13
GC-0001761,2023-10-09,100.0,98.92,2026-10-13
GC-0001762,2025-06-25,200.0,85.69,2029-05-15
GC-0001763,2024-08-29,100.0,38.66,2026-07-16
GC-0001764,2025-11-23,100.0,6.58,2030-07-03
GC-0001765,2023-12-20,50.0,44.43,2029-04-05
GC-0001766,2024-08-07,50.0,83.4,2029-12-04
GC-0001767,2024-01-18,25.0,88.52,2029-05-24
GC-0001768,2023-01-09,100.0,0.36,2030-04-25
GC-0001769,2025-04-28,100.0,59.44,2028-04-26
GC-0001770,2024-04-03,25.0,38.74,2026-12-04
GC-0001771,2024-06-18,200.0,88.61,2027-06-08
GC-0001772,2025-01-14,25.0,55.26,2029-01-17
GC-0001773,2023-09-01,25.0,38.84,2026-04-26
GC-0001774,2024-10-03,100.0,95.55,2029-03-02
GC-0001775,2024-04-01,100.0,31.62,2029-01-10
GC-0001776,2025-02-03,100.0,57.01,2029-03-27
GC-0001777,2025-11-18,200.0,55.64,2028-02-11
GC-0001778,2024-12-25,25.0,53.47,2029-07-31
GC-0001779,2025-06-27,100.0,44.64,2028-11-02
GC-0001780,2023-03-09,75.0,89.57,2027-06-13
GC-0001781,2025-11-09,100.0,26.12,2028-11-11
GC-0001782,2023-12-24,100.0,87.46,2030-09-23
GC-0001783,2023-03-04,200.0,91.3,2026-04-19
GC-0001784,2023-03-11,100.0,48.82,2030-12-11
GC-0001785,2024-02-10,75.0,99.57,2026-08-05
GC-0001786,2023-01-02,75.0,85.4,2030-04-17
GC-0001787,2024-07-06,25.0,79.13,2027-07-03
GC-0001788,2023-12-12,200.0,46.85,2028-04-17
GC-0001789,2024-04-24,75.0,28.47,2029-07-26
GC-0001790,2025-10-14,75.0,40.26,2030-12-10
GC-0001791,2025-12-22,100.0,13.56,2030-06-01
GC-0001792,2024-07-22,25.0,7.9,2030-11-26
GC-0001793,2025-09-07,50.0,33.19,2028-02-14
GC-0001794,2024-09-22,75.0,44.42,2030-04-03
GC-0001795,2025-08-03,25.0,60.32,2029-09-22
GC-0001796,2025-04-30,50.0,55.68,2026-02-11
GC-0001797,2023-12-12,25.0,34.6,2030-10-27
GC-0001798,2024-06-29,100.0,22.67,2027-12-30
GC-0001799,2023-07-28,75.0,67.74,2027-04-02
GC-0001800,2024-09-30,75.0,7.08,2027-09-28
GC-0001801,2023-02-15,75.0,67.96,2028-07-31
GC-0001802,2025-03-29,25.0,52.2,2030-08-03
GC-0001803,2023-05-27,200.0,86.14,2030-12-05
GC-0001804,2025-03-22,25.0,35.56,2028-07-17
GC-0001805,2024-10-05,50.0,89.93,2030-09-13
GC-0001806,2025-12-25,25.0,37.32,2030-04-14
GC-0001807,2025-02-13,50.0,28.02,2029-02-28
GC-0001808,2025-12-16,75.0,73.02,2030-04-14
GC-0001809,2024-08-07,75.0,26.33,2029-11-24
GC-0001810,2024-04-28,200.0,28.19,2030-12-01
GC-0001811,2025-08-19,100.0,44.44,2029-08-07
GC-0001812,2024-04-21,200.0,87.59,2026-05-09
GC-0001813,2025-09-10,75.0,29.37,2026-12-10
GC-0001814,2024-12-23,200.0,70.28,2027-06-02
GC-0001815,2024-02-08,100.0,50.88,2026-03-28
GC-0001816,2024-01-22,75.0,82.25,2027-11-01
GC-0001817,2023-10-14,200.0,66.14,2030-06-19
GC-0001818,2023-10-23,50.0,23.63,2028-03-20
GC-0001819,2023-12-20,75.0,22.93,2030-03-03
GC-0001820,2024-05-13,200.0,81.13,2029-01-01
GC-0001821,2025-01-22,25.0,7.81,2028-05-26
GC-0001822,2024-12-18,200.0,67.36,2027-07-14
GC-0001823,2023-10-05,200.0,15.5,2030-05-17
GC-0001824,2023-05-17,100.0,64.12,2026-12-05
GC-0001825,2024-03-17,75.0,36.93,2029-12-15
GC-0001826,2023-03-17,200.0,74.48,2027-06-02
GC-0001827,2025-07-12,75.0,25.59,2029-08-14
GC-0001828,2023-12-01,75.0,22.67,2028-09-08
GC-0001829,2025-04-25,50.0,46.2,2027-06-07
GC-0001830,2024-12-15,25.0,15.73,2030-01-25
GC-0001831,2023-10-04,200.0,71.16,2027-03-04
GC-0001832,2023-10-07,25.0,88.98,2026-09-23
GC-0001833,2024-11-24,50.0,10.02,2027-09-23
GC-0001834,2024-03-27,25.0,85.07,2029-04-02
GC-0001835,2023-01-22,200.0,26.86,2027-01-17
GC-0001836,2025-07-16,100.0,41.51,2030-11-09
GC-0001837,2025-03-11,25.0,46.06,2027-01-23
GC-0001838,2023-01-04,100.0,82.89,2026-04-10
GC-0001839,2024-09-04,75.0,0.66,2029-10-22
GC-0001840,2024-01-03,75.0,77.06,2026-10-11
GC-0001841,2024-11-17,25.0,31.47,2030-06-03
GC-0001842,2025-12-27,50.0,87.59,2029-09-13
GC-0001843,2023-11-24,50.0,30.41,2027-09-07
GC-0001844,2023-09-28,50.0,71.98,2029-01-21
GC-0001845,2025-07-09,25.0,74.04,2028-12-21
GC-0001846,2024-04-06,25.0,5.53,2028-09-06
GC-0001847,2023-11-17,50.0,31.2,2026-02-02
GC-0001848,2023-09-30,100.0,40.37,2026-03-26
GC-0001849,2024-10-05,100.0,57.77,2030-01-27
GC-0001850,2025-11-11,200.0,2.63,2030-01-28
GC-0001851,2024-09-22,50.0,54.43,2028-04-29
GC-0001852,2024-10-11,25.0,34.51,2026-09-11
GC-0001853,2025-05-27,50.0,92.07,2028-06-05
GC-0001854,2023-02-05,200.0,16.27,2028-02-09
GC-0001855,2025-10-25,100.0,48.19,2027-11-28
GC-0001856,2023-04-10,25.0,86.93,2030-08-04
GC-0001857,2024-12-24,100.0,25.64,2028-03-10
GC-0001858,2024-03-14,200.0,8.93,2030-05-21
GC-0001859,2025-10-27,25.0,39.0,2026-06-07
GC-0001860,2025-04-17,100.0,71.9,2028-12-03
GC-0001861,2023-03-29,100.0,36.4,2030-03-08
GC-0001862,2025-01-30,100.0,15.27,2029-11-11
GC-0001863,2023-08-09,100.0,80.67,2028-08-08
GC-0001864,2024-08-27,100.0,51.29,2029-10-13
GC-0001865,2023-06-26,75.0,12.49,2026-10-31
GC-0001866,2023-03-24,50.0,66.21,2030-06-06
GC-0001867,2024-09-08,200.0,69.32,2026-07-16
GC-0001868,2023-02-04,100.0,5.73,2028-12-22
GC-0001869,2025-04-20,200.0,37.94,2027-04-15
GC-0001870,2025-04-25,50.0,8.59,2030-05-27
GC-0001871,2023-01-25,25.0,20.81,2029-06-16
GC-0001872,2025-01-16,75.0,82.68,2028-05-29
GC-0001873,2023-03-31,100.0,6.19,2030-06-08
GC-0001874,2024-10-10,200.0,98.75,2028-11-10
GC-0001875,2023-08-01,50.0,64.35,2028-04-17
GC-0001876,2023-07-02,200.0,19.15,2028-02-24
GC-0001877,2024-03-11,25.0,2.6,2029-05-12
GC-0001878,2025-10-06,200.0,27.65,2027-09-15
GC-0001879,2023-01-05,100.0,62.73,2029-04-16
GC-0001880,2023-11-01,50.0,28.37,2030-08-29
GC-0001881,2025-10-29,100.0,95.04,2028-08-23
GC-0001882,2024-08-28,100.0,78.93,2026-05-04
GC-0001883,2023-12-14,75.0,10.58,2026-11-02
GC-0001884,2025-10-25,75.0,9.08,2028-05-16
GC-0001885,2025-09-03,50.0,23.46,2029-11-10
GC-0001886,2024-01-12,25.0,80.71,2029-07-15
GC-0001887,2023-09-13,100.0,9.3,2030-04-13
GC-0001888,2024-01-25,25.0,63.04,2028-05-29
GC-0001889,2024-06-27,100.0,44.16,2029-08-03
GC-0001890,2025-04-06,200.0,53.69,2026-06-22
GC-0001891,2023-10-06,25.0,4.2,2028-11-13
GC-0001892,2025-07-12,50.0,38.99,2027-03-29
GC-0001893,2023-07-11,25.0,34.07,2029-03-10
GC-0001894,2023-05-12,100.0,11.1,2029-12-12
GC-0001895,2025-04-12,100.0,40.61,2029-04-25
GC-0001896,2023-07-03,75.0,20.79,2028-09-17
GC-0001897,2025-05-15,200.0,97.95,2029-12-26
GC-0001898,2024-09-25,200.0,46.47,2028-06-01
GC-0001899,2024-01-27,75.0,89.05,2029-08-09
GC-0001900,2025-06-09,50.0,20.9,2028-02-22
GC-0001901,2025-04-30,200.0,22.71,2030-02-09
GC-0001902,2023-06-04,200.0,94.64,2027-08-30
GC-0001903,2025-11-08,50.0,98.22,2028-09-26
GC-0001904,2024-05-18,50.0,93.09,2028-05-19
GC-0001905,2024-05-07,50.0,44.22,2026-11-02
GC-0001906,2025-12-28,75.0,57.27,2028-08-28
GC-0001907,2024-11-07,50.0,83.9,2029-11-28
GC-0001908,2023-11-27,50.0,4.01,2026-03-10
GC-0001909,2024-05-09,25.0,34.82,2027-03-08
GC-0001910,2025-02-11,75.0,33.01,2029-08-08
GC-0001911,2023-11-19,50.0,6.72,2030-05-11
GC-0001912,2024-08-31,25.0,29.02,2029-12-10
GC-0001913,2024-12-06,25.0,18.98,2026-12-31
GC-0001914,2024-09-05,200.0,58.1,2027-09-03
GC-0001915,2023-07-24,25.0,33.09,2026-02-04
GC-0001916,2025-05-08,100.0,90.88,2027-11-25
GC-0001917,2023-05-27,75.0,44.48,2030-07-15
GC-0001918,2024-07-03,200.0,57.57,2030-03-13
GC-0001919,2025-06-12,25.0,66.12,2030-06-17
GC-0001920,2023-01-24,50.0,90.99,2027-11-16
GC-0001921,2023-01-19,50.0,79.1,2027-01-20
GC-0001922,2025-10-25,75.0,58.33,2027-02-22
GC-0001923,2024-08-14,100.0,70.97,2027-03-25
GC-0001924,2024-09-27,200.0,69.27,2027-08-16
GC-0001925,2024-06-16,50.0,55.78,2028-05-21
GC-0001926,2024-12-17,75.0,43.52,2026-10-23
GC-0001927,2025-03-07,200.0,88.2,2027-04-25
GC-0001928,2025-05-14,75.0,33.14,2028-07-26
GC-0001929,2023-08-03,50.0,72.35,2028-11-21
GC-0001930,2025-01-30,50.0,69.34,2030-11-27
GC-0001931,2025-10-10,100.0,94.26,2029-08-26
GC-0001932,2024-01-18,50.0,28.2,2026-01-11
GC-0001933,2024-06-14,50.0,24.13,2026-02-15
GC-0001934,2023-03-06,200.0,68.55,2027-07-07
GC-0001935,2025-03-11,200.0,96.05,2029-08-21
GC-0001936,2023-06-20,75.0,50.62,2029-06-16
GC-0001937,2025-06-04,50.0,12.83,2027-10-18
GC-0001938,2023-10-13,50.0,91.0,2030-07-23
GC-0001939,2023-06-23,100.0,62.73,2026-03-05
GC-0001940,2025-01-19,75.0,27.03,2029-05-19
GC-0001941,2024-06-06,25.0,25.69,2029-09-25
GC-0001942,2023-01-13,25.0,48.16,2028-10-10
GC-0001943,2025-10-02,100.0,13.3,2030-09-16
GC-0001944,2024-05-03,100.0,41.8,2030-02-17
GC-0001945,2024-11-10,50.0,21.75,2026-03-04
GC-0001946,2025-08-23,100.0,75.18,2029-12-31
GC-0001947,2024-07-02,200.0,17.76,2028-12-15
GC-0001948,2025-09-03,25.0,64.15,2030-05-18
GC-0001949,2025-04-10,50.0,52.56,2029-04-18
GC-0001950,2024-11-15,200.0,20.69,2026-11-06
GC-0001951,2023-12-22,25.0,50.37,2028-11-15
GC-0001952,2024-04-11,200.0,62.63,2030-01-25
GC-0001953,2025-05-30,200.0,54.11,2028-10-23
GC-0001954,2024-10-04,200.0,32.81,2030-10-16
GC-0001955,2023-08-30,25.0,27.15,2030-11-12
GC-0001956,2024-11-03,75.0,90.53,2027-06-18
GC-0001957,2024-06-08,25.0,39.86,2029-07-23
GC-0001958,2024-12-21,50.0,7.15,2027-09-14
GC-0001959,2024-06-10,100.0,94.58,2026-08-11
GC-0001960,2023-05-05,25.0,67.03,2030-08-14
GC-0001961,2025-05-27,200.0,73.59,2029-08-07
GC-0001962,2023-05-22,75.0,58.44,2026-06-28
GC-0001963,2024-03-27,200.0,69.57,2028-02-27
GC-0001964,2025-04-12,75.0,18.28,2026-06-03
GC-0001965,2024-10-12,75.0,60.76,2027-09-24
GC-0001966,2025-05-11,200.0,43.32,2030-09-27
GC-0001967,2024-01-22,75.0,36.36,2028-10-25
GC-0001968,2023-09-20,50.0,97.91,2027-01-28
GC-0001969,2025-12-03,25.0,86.67,2030-06-10
GC-0001970,2025-09-06,75.0,91.36,2029-07-05
GC-0001971,2023-04-05,200.0,63.83,2029-05-29
GC-0001972,2024-12-23,75.0,56.97,2029-06-05
GC-0001973,2025-08-06,50.0,18.44,2027-06-20
GC-0001974,2025-10-17,200.0,52.93,2029-11-08
GC-0001975,2025-03-06,100.0,25.85,2027-01-01
GC-0001976,2024-03-28,75.0,21.02,2027-06-14
GC-0001977,2023-01-18,200.0,93.55,2027-10-11
GC-0001978,2025-04-24,100.0,3.31,2029-03-14
GC-0001979,2025-07-16,50.0,11.25,2027-07-03
GC-0001980,2024-05-30,50.0,50.18,2028-02-17
GC-0001981,2024-12-02,25.0,24.99,2028-03-29
GC-0001982,2025-02-01,75.0,61.47,2029-04-17
GC-0001983,2023-04-07,75.0,56.95,2026-11-05
GC-0001984,2023-03-26,200.0,80.84,2027-09-09
GC-0001985,2023-02-20,50.0,64.62,2026-05-06
GC-0001986,2023-04-03,100.0,82.77,2030-09-28
GC-0001987,2025-02-23,50.0,36.33,2027-07-27
GC-0001988,2024-11-11,200.0,85.94,2029-05-06
GC-0001989,2025-05-17,100.0,91.61,2030-12-31
GC-0001990,2023-02-02,200.0,89.51,2027-06-11
GC-0001991,2025-10-21,75.0,87.69,2028-02-06
GC-0001992,2025-12-07,200.0,64.2,2028-03-30
GC-0001993,2025-09-29,100.0,78.16,2028-04-27
GC-0001994,2023-01-20,200.0,32.04,2027-01-21
GC-0001995,2023-06-06,200.0,30.26,2027-07-19
GC-0001996,2023-07-15,100.0,78.26,2027-09-28
GC-0001997,2025-01-15,50.0,42.05,2028-11-04
GC-0001998,2023-11-06,200.0,57.0,2027-01-29
GC-0001999,2024-03-25,100.0,35.81,2030-06-22
GC-0002000,2024-06-04,25.0,78.71,2028-01-10
